,uri,label,kind,inscription_of,position,rank,max_before_date,max_abs_before_date,min_after_date,min_abs_after_date,avg,avg_year,yearlabel,baseline_position
wa: 182,faust://document/wa/182,wa: 182,UnknownRef,,1,0,,,,,,,,2
wa: 182 i_r_o,faust://inscription/wa/182/i_r_o,wa: 182 i_r_o,Inscription,wa: 182,2,0,,,1831-11-27,,1831-11-27,1831.0,1831,3
1 H.8,faust://document/faustedition/1_H.8,1 H.8,Witness,,3,0,,,,,,,,11
1 H.10,faust://document/faustedition/1_H.10,1 H.10,Witness,,4,0,,,1800-11-09,,1800-11-09,1800.0,1800,13
1 H.15,faust://document/faustedition/1_H.15,1 H.15,Witness,,5,0,,,1776-01-02,1776-01-02,1776-01-02,1776.0,1776,18
2 III H.27 alpha,faust://inscription/faustedition/2_III_H.27/alpha,2 III H.27 alpha,Inscription,2 III H.27,6,0,,,1825-04-06,,1825-04-06,1825.0,1825,30
2 III H.30 alpha,faust://inscription/faustedition/2_III_H.30/alpha,2 III H.30 alpha,Inscription,2 III H.30,7,0,,,1825-03-08,,1825-03-08,1825.0,1825,31
2 III H.70 alpha,faust://inscription/faustedition/2_III_H.70/alpha,2 III H.70 alpha,Inscription,2 III H.70,8,0,,,1826-05-19,,1826-05-19,1826.0,1826,33
2 III H.71 alpha,faust://inscription/faustedition/2_III_H.71/alpha,2 III H.71 alpha,Inscription,2 III H.71,9,0,,,1826-05-19,,1826-05-19,1826.0,1826,32
2 II H.69 alpha,faust://inscription/faustedition/2_II_H.69/alpha,2 II H.69 alpha,Inscription,2 II H.69,10,0,,,1831-02-26,,1831-02-26,1831.0,1831,25
2 II H.71 alpha,faust://inscription/faustedition/2_II_H.71/alpha,2 II H.71 alpha,Inscription,2 II H.71,11,0,,,1830-06-26,,1830-06-26,1830.0,1830,24
2 I H.21 alpha,faust://inscription/faustedition/2_I_H.21/alpha,2 I H.21 alpha,Inscription,2 I H.21,12,0,,,1828-03-31,,1828-03-31,1828.0,1828,34
2 I H.32 alpha,faust://inscription/faustedition/2_I_H.32/alpha,2 I H.32 alpha,Inscription,2 I H.32,13,0,,,1828-01-01,,1828-01-01,1828.0,1827,35
2 V H.3 alpha,faust://inscription/faustedition/2_V_H.3/alpha,2 V H.3 alpha,Inscription,2 V H.3,14,0,,,1825-03-05,,1825-03-05,1825.0,1825,22
2 V H.17 i_r,faust://inscription/faustedition/2_V_H.17/i_r,2 V H.17 i_r,Inscription,2 V H.17,15,0,,,1825-03-17,1825-03-27,1825-03-17,1825.0,1825,46
2 IV H.20 i_uebrige,faust://inscription/faustedition/2_IV_H.20/i_uebrige,2 IV H.20 i_uebrige,Inscription,2 IV H.20,16,0,,,,,,,,75
2 IV H.12 i_v_o,faust://inscription/faustedition/2_IV_H.12/i_v_o,2 IV H.12 i_v_o,Inscription,2 IV H.12,17,0,,,1832-06-06,,1832-06-06,1832.0,1832,89
fischer_lamberg: 2_III_H.15,faust://document/fischer_lamberg/2_III_H.15,fischer_lamberg: 2_III_H.15,UnknownRef,,18,0,,,,,,,,97
wa: 2_H_P167,faust://document/wa/2_H_P167,wa: 2_H_P167,UnknownRef,,19,0,,,,,,,,115
wa: 2_III_H.2_alpha,faust://document/wa/2_III_H.2_alpha,wa: 2_III_H.2_alpha,UnknownRef,,20,0,,,1826-05-19,,1826-05-19,1826.0,1826,108
wa: 2_II_H.31_alpha,faust://document/wa/2_II_H.31_alpha,wa: 2_II_H.31_alpha,UnknownRef,,21,0,,,1832-06-06,,1832-06-06,1832.0,1832,107
wa: 2_H_P167 i_uebrige,faust://inscription/wa/2_H_P167/i_uebrige,wa: 2_H_P167 i_uebrige,Inscription,wa: 2_H_P167,22,0,,,1825-04-06,,1825-04-06,1825.0,1825,116
2 I H.0,faust://document/faustedition/2_I_H.0,2 I H.0,Witness,,23,0,,,,,,,,118
2 I H.0a,faust://document/faustedition/2_I_H.0a,2 I H.0a,Witness,,24,0,,,,,,,,119
2 I H.0b,faust://document/faustedition/2_I_H.0b,2 I H.0b,Witness,,25,0,,,,,,,,120
2 I H.0c,faust://document/faustedition/2_I_H.0c,2 I H.0c,Witness,,26,0,,,,,,,,121
2 I H.0d,faust://document/faustedition/2_I_H.0d,2 I H.0d,Witness,,27,0,,,,,,,,122
2 I H.2,faust://document/faustedition/2_I_H.2,2 I H.2,Witness,,28,0,,,1832-06-06,,1832-06-06,1832.0,1832,124
2 I H.6a,faust://document/faustedition/2_I_H.6a,2 I H.6a,Witness,,29,0,,,,,,,,129
2 I H.10,faust://document/faustedition/2_I_H.10,2 I H.10,Witness,,30,0,,,1832-06-06,,1832-06-06,1832.0,1832,148
2 I H.14,faust://document/faustedition/2_I_H.14,2 I H.14,Witness,,31,0,,,1828-06-01,,1828-06-01,1828.0,1828,154
2 I H.15b,faust://document/faustedition/2_I_H.15b,2 I H.15b,Witness,,32,0,,,1832-06-06,,1832-06-06,1832.0,1832,157
2 I H.15c,faust://document/faustedition/2_I_H.15c,2 I H.15c,Witness,,33,0,,,,,,,,158
2 I H.16,faust://document/faustedition/2_I_H.16,2 I H.16,Witness,,34,0,,,,,,,,159
2 I H.18,faust://document/faustedition/2_I_H.18,2 I H.18,Witness,,35,0,,,1828-03-31,,1828-03-31,1828.0,1828,161
2 I H.19,faust://document/faustedition/2_I_H.19,2 I H.19,Witness,,36,0,,,,,,,,162
2 I H.20,faust://document/faustedition/2_I_H.20,2 I H.20,Witness,,37,4,,,,,,,,163
2 I H.21,faust://document/faustedition/2_I_H.21,2 I H.21,Witness,,38,2,,,1828-03-31,,1828-03-31,1828.0,1828,164
2 I H.23,faust://document/faustedition/2_I_H.23,2 I H.23,Witness,,39,0,,,1828-03-31,,1828-03-31,1828.0,1828,166
2 I H.24a,faust://document/faustedition/2_I_H.24a,2 I H.24a,Witness,,40,0,,,,,,,,168
2 I H.49,faust://document/faustedition/2_I_H.49,2 I H.49,Witness,,41,0,,,1829-10-01,,1829-10-01,1829.0,1829,198
2 I H.51,faust://document/faustedition/2_I_H.51,2 I H.51,Witness,,42,0,,,1832-06-06,,1832-06-06,1832.0,1832,202
2 I H.52,faust://document/faustedition/2_I_H.52,2 I H.52,Witness,,43,2,,,1832-06-06,,1832-06-06,1832.0,1832,203
2 I H.53,faust://document/faustedition/2_I_H.53,2 I H.53,Witness,,44,4,,,1832-06-06,,1832-06-06,1832.0,1832,204
2 I H.54,faust://document/faustedition/2_I_H.54,2 I H.54,Witness,,45,0,,,1832-06-06,,1832-06-06,1832.0,1832,205
2 I H.55,faust://document/faustedition/2_I_H.55,2 I H.55,Witness,,46,3,,,1832-06-06,,1832-06-06,1832.0,1832,206
2 II H.2:2,faust://document/faustedition/2_II_H.2_2,2 II H.2:2,Witness,,47,0,,,1832-06-06,,1832-06-06,1832.0,1832,214
2 II H.5a,faust://document/faustedition/2_II_H.5a,2 II H.5a,Witness,,48,0,,,1832-06-06,,1832-06-06,1832.0,1832,220
2 II H.6a,faust://document/faustedition/2_II_H.6a,2 II H.6a,Witness,,49,0,,,,,,,,222
2 II H.6b,faust://document/faustedition/2_II_H.6b,2 II H.6b,Witness,,50,0,,,,,,,,223
2 II H.11a,faust://document/faustedition/2_II_H.11a,2 II H.11a,Witness,,51,0,,,,,,,,230
2 II H.13a,faust://document/faustedition/2_II_H.13a,2 II H.13a,Witness,,52,0,,,,,,,,233
2 II H.16,faust://document/faustedition/2_II_H.16,2 II H.16,Witness,,53,0,,,1830-01-18,,1830-01-18,1830.0,1830,236
2 II H.21,faust://document/faustedition/2_II_H.21,2 II H.21,Witness,,54,0,,,1830-06-26,,1830-06-26,1830.0,1830,242
2 II H.26,faust://document/faustedition/2_II_H.26,2 II H.26,Witness,,55,2,,,1830-01-18,,1830-01-18,1830.0,1830,247
2 II H.29,faust://document/faustedition/2_II_H.29,2 II H.29,Witness,,56,0,,,1830-06-26,,1830-06-26,1830.0,1830,251
2 II H.30,faust://document/faustedition/2_II_H.30,2 II H.30,Witness,,57,4,,,1830-06-26,,1830-06-26,1830.0,1830,252
2 II H.31,faust://document/faustedition/2_II_H.31,2 II H.31,Witness,,58,4,,,1830-06-26,,1830-06-26,1830.0,1830,253
2 II H.32,faust://document/faustedition/2_II_H.32,2 II H.32,Witness,,59,0,,,1832-06-06,,1832-06-06,1832.0,1832,255
2 II H.37,faust://document/faustedition/2_II_H.37,2 II H.37,Witness,,60,0,,,1830-06-26,,1830-06-26,1830.0,1830,261
2 II H.40,faust://document/faustedition/2_II_H.40,2 II H.40,Witness,,61,0,,,1830-02-02,,1830-02-02,1830.0,1830,264
2 II H.43,faust://document/faustedition/2_II_H.43,2 II H.43,Witness,,62,0,,,1830-06-26,,1830-06-26,1830.0,1830,267
2 II H.44,faust://document/faustedition/2_II_H.44,2 II H.44,Witness,,63,3,,,1830-06-26,,1830-06-26,1830.0,1830,268
2 II H.50,faust://document/faustedition/2_II_H.50,2 II H.50,Witness,,64,0,,,1830-06-26,,1830-06-26,1830.0,1830,275
2 II H.59,faust://document/faustedition/2_II_H.59,2 II H.59,Witness,,65,0,,,1830-06-26,,1830-06-26,1830.0,1830,284
2 II H.68,faust://document/faustedition/2_II_H.68,2 II H.68,Witness,,66,0,,,1830-03-27,1830-12-10,1830-03-27,1830.0,1830,293
2 II H.72,faust://document/faustedition/2_II_H.72,2 II H.72,Witness,,67,2,,,1831-02-26,,1831-02-26,1831.0,1831,297
2 III H.4,faust://document/faustedition/2_III_H.4,2 III H.4,Witness,,68,0,,,1826-06-10,1826-12-11,1826-06-10,1826.0,1826,313
2 III H.5,faust://document/faustedition/2_III_H.5,2 III H.5,Witness,,69,0,,,1825-04-06,,1825-04-06,1825.0,1825,314
2 III H.8,faust://document/faustedition/2_III_H.8,2 III H.8,Witness,,70,2,,,1825-04-06,,1825-04-06,1825.0,1825,322
2 III H.12a,faust://document/faustedition/2_III_H.12a,2 III H.12a,Witness,,71,0,,,,,,,,331
2 III H.45a,faust://document/faustedition/2_III_H.45a,2 III H.45a,Witness,,72,0,,,,,,,,375
2 III H.45b,faust://document/faustedition/2_III_H.45b,2 III H.45b,Witness,,73,0,,,,,,,,376
2 III H.46a,faust://document/faustedition/2_III_H.46a,2 III H.46a,Witness,,74,0,,,,,,,,378
2 III H.46b,faust://document/faustedition/2_III_H.46b,2 III H.46b,Witness,,75,0,,,1826-04-01,1826-10-11,1826-04-01,1826.0,1826,379
2 III H.48,faust://document/faustedition/2_III_H.48,2 III H.48,Witness,,76,0,,,1826-05-19,,1826-05-19,1826.0,1826,381
2 III H.49,faust://document/faustedition/2_III_H.49,2 III H.49,Witness,,77,0,,,1825-04-06,,1825-04-06,1825.0,1825,383
2 III H.50,faust://document/faustedition/2_III_H.50,2 III H.50,Witness,,78,0,,,1826-05-19,,1826-05-19,1826.0,1826,387
2 III H.60,faust://document/faustedition/2_III_H.60,2 III H.60,Witness,,79,0,,,1826-05-02,1826-06-14,1826-05-02,1826.0,1826,409
2 III H.61,faust://document/faustedition/2_III_H.61,2 III H.61,Witness,,80,3,,,1826-05-19,,1826-05-19,1826.0,1826,410
2 III H.64e,faust://document/faustedition/2_III_H.64e,2 III H.64e,Witness,,81,0,,,,,,,,418
2 III H.66,faust://document/faustedition/2_III_H.66,2 III H.66,Witness,,82,0,,,1824-10-10,,1824-10-10,1824.0,1824,420
2 III H.68,faust://document/faustedition/2_III_H.68,2 III H.68,Witness,,83,0,,,1826-05-19,,1826-05-19,1826.0,1826,423
2 III H.69,faust://document/faustedition/2_III_H.69,2 III H.69,Witness,,84,4,,,1826-05-19,,1826-05-19,1826.0,1826,424
2 III H.76,faust://document/faustedition/2_III_H.76,2 III H.76,Witness,,85,0,,,1824-04-14,,1824-04-14,1824.0,1824,434
2 III H.81,faust://document/faustedition/2_III_H.81,2 III H.81,Witness,,86,0,,,1824-04-14,,1824-04-14,1824.0,1824,440
2 III H.81a,faust://document/faustedition/2_III_H.81a,2 III H.81a,Witness,,87,5,,,1826-05-19,,1826-05-19,1826.0,1826,441
2 III H.81b*,faust://document/faustedition/2_III_H.81b_,2 III H.81b*,Witness,,88,0,,,,,,,,442
2 IV H.4,faust://document/faustedition/2_IV_H.4,2 IV H.4,Witness,,89,0,,,1832-06-06,,1832-06-06,1832.0,1832,446
2 IV H.7b,faust://document/faustedition/2_IV_H.7b,2 IV H.7b,Witness,,90,0,,,,,,,,452
2 IV H.9,faust://document/faustedition/2_IV_H.9,2 IV H.9,Witness,,91,0,,,1831-11-27,,1831-11-27,1831.0,1831,454
2 IV H.11,faust://document/faustedition/2_IV_H.11,2 IV H.11,Witness,,92,4,,,1832-06-06,,1832-06-06,1832.0,1832,456
2 IV H.12,faust://document/faustedition/2_IV_H.12,2 IV H.12,Witness,,93,0,,,1831-10-28,,1831-10-28,1831.0,1831,457
2 IV H.13b,faust://document/faustedition/2_IV_H.13b,2 IV H.13b,Witness,,94,0,,,,,,,,460
2 IV H.14,faust://document/faustedition/2_IV_H.14,2 IV H.14,Witness,,95,0,,,1832-06-06,,1832-06-06,1832.0,1832,461
2 IV H.15,faust://document/faustedition/2_IV_H.15,2 IV H.15,Witness,,96,6,,,1832-06-06,,1832-06-06,1832.0,1832,462
2 IV H.17,faust://document/faustedition/2_IV_H.17,2 IV H.17,Witness,,97,0,,,1831-07-01,,1831-07-01,1831.0,1831,464
2 IV H.19,faust://document/faustedition/2_IV_H.19,2 IV H.19,Witness,,98,0,,,,,,,,466
2 IV H.22,faust://document/faustedition/2_IV_H.22,2 IV H.22,Witness,,99,0,,,1832-06-06,,1832-06-06,1832.0,1832,470
2 IV H.22a,faust://document/faustedition/2_IV_H.22a,2 IV H.22a,Witness,,100,0,,,1831-11-27,,1831-11-27,1831.0,1831,471
2 IV H.22c,faust://document/faustedition/2_IV_H.22c,2 IV H.22c,Witness,,101,3,,,1831-11-27,,1831-11-27,1831.0,1831,473
2 V H.0d,faust://document/faustedition/2_V_H.0d,2 V H.0d,Witness,,102,0,,,,,,,,481
2 V H.0e,faust://document/faustedition/2_V_H.0e,2 V H.0e,Witness,,103,0,,,,,,,,482
2 V H.14a*,faust://document/faustedition/2_V_H.14a_,2 V H.14a*,Witness,,104,0,,,,,,,,500
2 V H.16,faust://document/faustedition/2_V_H.16,2 V H.16,Witness,,105,0,,,1825-03-17,1831-04-01,1825-03-17,1825.0,1825,504
2 V H.35a*,faust://document/faustedition/2_V_H.35a_,2 V H.35a*,Witness,,106,0,,,,,,,,527
2 V H.36,faust://document/faustedition/2_V_H.36,2 V H.36,Witness,,107,0,,,1830-12-18,,1830-12-18,1830.0,1830,528
2 V H.37a,faust://document/faustedition/2_V_H.37a,2 V H.37a,Witness,,108,0,,,1830-12-18,,1830-12-18,1830.0,1830,530
2 V H.32a,faust://document/faustedition/2_V_H.32a,2 V H.32a,Witness,,109,2,,,1830-12-18,,1830-12-18,1830.0,1830,523
2 V H.32a alpha,faust://inscription/faustedition/2_V_H.32a/alpha,2 V H.32a alpha,Inscription,2 V H.32a,110,3,,,1830-12-18,,1830-12-18,1830.0,1830,28
2 V H.37d,faust://document/faustedition/2_V_H.37d,2 V H.37d,Witness,,111,0,,,,,,,,533
H P9a,faust://document/faustedition/H_P9a,H P9a,Witness,,112,0,,,,,,,,546
H P22,faust://document/faustedition/H_P22,H P22,Witness,,113,0,,,,,,,,553
H P42,faust://document/faustedition/H_P42,H P42,Witness,,114,0,,,,,,,,561
H P68 Var,faust://document/faustedition/H_P68_Var,H P68 Var,Witness,,115,0,,,1798-05-06,,1798-05-06,1798.0,1798,569
H P82a,faust://document/faustedition/H_P82a,H P82a,Witness,,116,0,,,,,,,,575
H P123.3,faust://document/faustedition/H_P123.3,H P123.3,Witness,,117,0,,,,,,,,596
H P123.4,faust://document/faustedition/H_P123.4,H P123.4,Witness,,118,0,,,,,,,,597
H P123.6,faust://document/faustedition/H_P123.6,H P123.6,Witness,,119,0,,,,,,,,599
H P123.7,faust://document/faustedition/H_P123.7,H P123.7,Witness,,120,0,,,,,,,,600
H P123.8,faust://document/faustedition/H_P123.8,H P123.8,Witness,,121,0,,,,,,,,601
H P123.9,faust://document/faustedition/H_P123.9,H P123.9,Witness,,122,0,,,,,,,,602
H P148,faust://document/faustedition/H_P148,H P148,Witness,,123,0,,,,,,,,608
H P156a*,faust://document/faustedition/H_P156a_,H P156a*,Witness,,124,0,,,,,,,,610
H P167,faust://document/faustedition/H_P167,H P167,Witness,,125,0,,,,,,,,619
H P174,faust://document/faustedition/H_P174,H P174,Witness,,126,0,,,,,,,,621
H P176,faust://document/faustedition/H_P176,H P176,Witness,,127,0,,,,,,,,622
H P176 Var,faust://document/faustedition/H_P176_Var,H P176 Var,Witness,,128,0,,,,,,,,623
H P179,faust://document/faustedition/H_P179,H P179,Witness,,129,0,,,,,,,,625
H P190,faust://document/faustedition/H_P190,H P190,Witness,,130,0,,,,,,,,631
H P190b,faust://document/faustedition/H_P190b,H P190b,Witness,,131,0,,,,,,,,633
H P204,faust://document/faustedition/H_P204,H P204,Witness,,132,0,,,1830-06-02,,1830-06-02,1830.0,1830,638
2 II H.48,faust://document/faustedition/2_II_H.48,2 II H.48,Witness,,133,2,,,1830-06-02,1830-06-02,1830-06-02,1830.0,1830,273
D.4alpha,faust://document/faustedition/D.4alpha,D.4alpha,Witness,,134,0,,,,,,,,655
"gsa_1: GSA_25_XIX,4","faust://document/gsa_1/GSA_25_XIX,4","gsa_1: GSA_25_XIX,4",UnknownRef,,135,0,,,1829-08-30,,1829-08-30,1829.0,1829,659
gsa_2: GSA_25_W_1714,faust://document/gsa_2/GSA_25_W_1714,gsa_2: GSA_25_W_1714,UnknownRef,,136,2,,,,,,,,662
bohnenkamp: H_P179.1,faust://document/bohnenkamp/H_P179.1,bohnenkamp: H_P179.1,UnknownRef,,137,0,,,,,,,,666
bohnenkamp: H_P182,faust://document/bohnenkamp/H_P182,bohnenkamp: H_P182,UnknownRef,,138,0,,,1832-06-06,,1832-06-06,1832.0,1832,665
H P167 i_r_u,faust://inscription/faustedition/H_P167/i_r_u,H P167 i_r_u,Inscription,H P167,139,0,,,1825-04-06,,1825-04-06,1825.0,1825,673
H P65 i_uebrige,faust://inscription/faustedition/H_P65/i_uebrige,H P65 i_uebrige,Inscription,H P65,140,0,,,1798-05-06,,1798-05-06,1798.0,1798,675
J.3-1,faust://document/faustedition/J.3-1,J.3-1,Witness,,141,0,,,,,,,,681
J.3-2,faust://document/faustedition/J.3-2,J.3-2,Witness,,142,0,,,,,,,,682
bohnenkamp: P10,faust://document/bohnenkamp/P10,bohnenkamp: P10,UnknownRef,,143,0,,,,,,,,683
fischer_lamberg: P170a,faust://document/fischer_lamberg/P170a,fischer_lamberg: P170a,UnknownRef,,144,0,,,,,,,,685
wa: P179.1,faust://document/wa/P179.1,wa: P179.1,UnknownRef,,145,0,,,,,,,,691
wa: P179.2,faust://document/wa/P179.2,wa: P179.2,UnknownRef,,146,0,,,,,,,,692
wa: P179.3,faust://document/wa/P179.3,wa: P179.3,UnknownRef,,147,0,,,,,,,,689
wa: P191Var,faust://document/wa/P191Var,wa: P191Var,UnknownRef,,148,0,,,,,,,,690
wa: P179.2 i_2_r,faust://inscription/wa/P179.2/i_2_r,wa: P179.2 i_2_r,Inscription,wa: P179.2,149,2,,,,,,,,695
R 2,faust://document/faustedition/R_2,R 2,Witness,,150,0,,,,,,,,699
R 3,faust://document/faustedition/R_3,R 3,Witness,,151,0,,,,,,,,700
T 0 H,faust://document/faustedition/T_0_H,T 0 H,Witness,,152,0,,,,,,,,702
T 3 H.2,faust://document/faustedition/T_3_H.2,T 3 H.2,Witness,,153,0,,,,,,,,707
T 3 H.3,faust://document/faustedition/T_3_H.3,T 3 H.3,Witness,,154,0,,,,,,,,708
T 6 H.1,faust://document/faustedition/T_6_H.1,T 6 H.1,Witness,,155,0,,,,,,,,714
T 6 H.2,faust://document/faustedition/T_6_H.2,T 6 H.2,Witness,,156,0,,,,,,,,715
Testhandschrift,faust://document/faustedition/Testhandschrift,Testhandschrift,Witness,,157,0,,,,,,,,716
H P6,faust://document/faustedition/H_P6,H P6,Witness,,158,5,1773-06-09,1773-06-09,1775-11-08,1775-11-08,1774-08-24,1774.0,1773 … 1775,543
1 H.7,faust://document/faustedition/1_H.7,1 H.7,Witness,,159,4,1775-11-06,1775-11-06,1788-08-25,1788-08-25,1782-04-01,1782.0,1775 … 1788,10
1 H.5,faust://document/faustedition/1_H.5,1 H.5,Witness,,160,7,1775-12-31,1775-12-31,1777-01-01,1777-01-01,1776-07-01,1776.0,1776,8
J.1,faust://document/faustedition/J.1,J.1,Witness,,161,13,1781-12-31,1781-12-31,1783-01-01,1783-01-01,1782-07-02,1782.0,1782,679
1 H.11,faust://document/faustedition/1_H.11,1 H.11,Witness,,162,16,1786-05-31,1786-05-31,1787-03-01,1787-03-01,1786-10-15,1786.0,1786 … 1787,14
H P22 i_uebrige,faust://inscription/faustedition/H_P22/i_uebrige,H P22 i_uebrige,Inscription,H P22,163,20,1787-12-31,1787-12-31,1789-01-01,1789-01-01,1788-07-01,1788.0,1788,676
H P13,faust://document/faustedition/H_P13,H P13,Witness,,164,21,1788-04-30,1788-04-30,1789-10-01,1789-10-01,1789-01-14,1789.0,1788 … 1789,549
H P65,faust://document/faustedition/H_P65,H P65,Witness,,165,31,1789-12-31,1789-12-31,1794-01-01,1794-01-01,1792-01-01,1792.0,1790 … 1793,566
S,faust://document/faustedition/S,S,Witness,,166,31,1790-03-31,1790-03-31,1790-07-01,1790-07-01,1790-05-16,1790.0,1790,701
1 H.4,faust://document/faustedition/1_H.4,1 H.4,Witness,,167,37,1795-09-30,1795-09-30,1797-06-25,1797-06-25,1796-08-12,1796.0,1795 … 1797,7
1 H.13,faust://document/faustedition/1_H.13,1 H.13,Witness,,168,38,1797-06-23,1797-06-23,1798-05-06,1798-05-06,1797-11-28,1797.0,1797 … 1798,16
2 II H.5 i_r,faust://inscription/faustedition/2_II_H.5/i_r,2 II H.5 i_r,Inscription,2 II H.5,169,39,1797-06-23,1797-06-23,1800-11-09,1800-11-09,1799-03-02,1799.0,1797 … 1800,43
2 V H.15a i_r_gt,faust://inscription/faustedition/2_V_H.15a/i_r_gt,2 V H.15a i_r_gt,Inscription,2 V H.15a,170,38,1797-06-23,1797-06-23,1798-05-06,1798-05-06,1797-11-28,1797.0,1797 … 1798,56
2 II H.5 i_v,faust://inscription/faustedition/2_II_H.5/i_v,2 II H.5 i_v,Inscription,2 II H.5,171,38,1797-06-23,1797-06-23,1800-11-09,1800-11-09,1799-03-02,1799.0,1797 … 1800,76
2 II H.5,faust://document/faustedition/2_II_H.5,2 II H.5,Witness,,172,38,1797-06-23,1797-06-23,1800-11-09,1800-11-09,1799-03-02,1799.0,1797 … 1800,219
H P8,faust://document/faustedition/H_P8,H P8,Witness,,173,38,1797-06-23,1797-06-23,1798-05-06,1798-05-06,1797-11-28,1797.0,1797 … 1798,544
H P9,faust://document/faustedition/H_P9,H P9,Witness,,174,38,1797-06-23,1797-06-23,1798-05-06,1798-05-06,1797-11-28,1797.0,1797 … 1798,545
H P14,faust://document/faustedition/H_P14,H P14,Witness,,175,38,1797-06-23,1797-06-23,1801-04-08,1801-04-08,1799-05-16,1799.0,1797 … 1801,550
H P20,faust://document/faustedition/H_P20,H P20,Witness,,176,39,1797-06-23,1797-06-23,1798-05-06,1798-05-06,1797-11-28,1797.0,1797 … 1798,552
H P26,faust://document/faustedition/H_P26,H P26,Witness,,177,38,1797-06-23,1797-06-23,1798-05-06,1798-05-06,1797-11-28,1797.0,1797 … 1798,555
H P50,faust://document/faustedition/H_P50,H P50,Witness,,178,39,1797-06-23,1797-06-23,1800-11-09,1800-11-09,1799-03-02,1799.0,1797 … 1800,563
H P67,faust://document/faustedition/H_P67,H P67,Witness,,179,38,1797-06-23,1797-06-23,1798-05-06,1798-05-06,1797-11-28,1797.0,1797 … 1798,567
H P68,faust://document/faustedition/H_P68,H P68,Witness,,180,40,1797-06-23,1797-06-23,1798-05-06,1798-05-06,1797-11-28,1797.0,1797 … 1798,568
H P69,faust://document/faustedition/H_P69,H P69,Witness,,181,39,1797-06-23,1797-06-23,1798-05-06,1798-05-06,1797-11-28,1797.0,1797 … 1798,570
H P75,faust://document/faustedition/H_P75,H P75,Witness,,182,38,1797-06-23,1797-06-23,1798-05-06,1798-05-06,1797-11-28,1797.0,1797 … 1798,571
H P81,faust://document/faustedition/H_P81,H P81,Witness,,183,38,1797-06-23,1797-06-23,1798-05-06,1798-05-06,1797-11-28,1797.0,1797 … 1798,573
H P82,faust://document/faustedition/H_P82,H P82,Witness,,184,41,1797-06-23,1797-06-23,1798-05-06,1798-05-06,1797-11-28,1797.0,1797 … 1798,574
H P96,faust://document/faustedition/H_P96,H P96,Witness,,185,38,1797-06-23,1797-06-23,1798-05-06,1798-05-06,1797-11-28,1797.0,1797 … 1798,579
H P97,faust://document/faustedition/H_P97,H P97,Witness,,186,39,1797-06-23,1797-06-23,1798-05-06,1798-05-06,1797-11-28,1797.0,1797 … 1798,580
bohnenkamp: H_P9a,faust://document/bohnenkamp/H_P9a,bohnenkamp: H_P9a,UnknownRef,,187,39,1797-06-23,,,,1797-06-23,1797.0,1797,667
H P22 i_2_o,faust://inscription/faustedition/H_P22/i_2_o,H P22 i_2_o,Inscription,H P22,188,40,1797-06-23,,,,1797-06-23,1797.0,1797,669
H P22 i_2_u,faust://inscription/faustedition/H_P22/i_2_u,H P22 i_2_u,Inscription,H P22,189,41,1797-06-23,,,,1797-06-23,1797.0,1797,670
H P65 i_4_r,faust://inscription/faustedition/H_P65/i_4_r,H P65 i_4_r,Inscription,H P65,190,40,1797-06-23,1797-06-23,1798-05-06,1798-05-06,1797-11-28,1797.0,1797 … 1798,671
H P121a,faust://document/faustedition/H_P121a,H P121a,Witness,,191,42,1797-08-31,1797-08-31,1797-10-01,1797-10-01,1797-09-15,1797.0,1797,593
H P98,faust://document/faustedition/H_P98,H P98,Witness,,192,47,1797-10-31,1797-10-31,1798-04-01,1798-04-01,1798-01-15,1798.0,1797 … 1798,581
H P22 i_1_o,faust://inscription/faustedition/H_P22/i_1_o,H P22 i_1_o,Inscription,H P22,193,48,1797-12-31,1797-12-31,1798-01-01,1798-01-01,1797-12-31,1797.0,1798 … 1797,668
2 V H.15a,faust://document/faustedition/2_V_H.15a,2 V H.15a,Witness,,194,50,1798-02-28,1798-02-28,1798-05-06,1798-05-06,1798-04-02,1798.0,1798,502
H P91,faust://document/faustedition/H_P91,H P91,Witness,,195,51,1798-02-28,1798-02-28,1798-05-06,1798-05-06,1798-04-02,1798.0,1798,577
H P11,faust://document/faustedition/H_P11,H P11,Witness,,196,53,1798-04-30,1798-04-30,1801-05-01,1801-05-01,1799-10-30,1799.0,1798 … 1801,547
H P12,faust://document/faustedition/H_P12,H P12,Witness,,197,52,1798-04-30,1798-04-30,1801-05-01,1801-05-01,1799-10-30,1799.0,1798 … 1801,548
H P15,faust://document/faustedition/H_P15,H P15,Witness,,198,52,1798-04-30,1798-04-30,1801-05-01,1801-05-01,1799-10-30,1799.0,1798 … 1801,551
1 H.10 i_uebrige,faust://inscription/faustedition/1_H.10/i_uebrige,1 H.10 i_uebrige,Inscription,1 H.10,199,55,1798-05-04,1798-05-04,1798-05-06,1798-05-06,1798-05-05,1798.0,1798,1
H P4,faust://document/faustedition/H_P4,H P4,Witness,,200,75,1798-07-31,1798-07-31,1798-09-16,1798-09-16,1798-08-23,1798.0,1798,541
1 H.3,faust://document/faustedition/1_H.3,1 H.3,Witness,,201,76,1798-08-14,1798-08-14,1798-09-16,1798-09-16,1798-08-30,1798.0,1798,6
H P3,faust://document/faustedition/H_P3,H P3,Witness,,202,77,1798-08-14,1798-08-14,1798-09-16,1798-09-16,1798-08-30,1798.0,1798,540
H P5,faust://document/faustedition/H_P5,H P5,Witness,,203,76,1798-08-14,1798-08-14,1798-09-16,1798-09-16,1798-08-30,1798.0,1798,542
1 H.9,faust://document/faustedition/1_H.9,1 H.9,Witness,,204,82,1799-06-20,1799-06-20,1799-11-05,1799-11-05,1799-08-28,1799.0,1799,12
2 III H.9,faust://document/faustedition/2_III_H.9,2 III H.9,Witness,,205,84,1799-06-30,1799-06-30,1800-01-02,1800-01-02,1799-10-01,1799.0,1799 … 1800,326
2 III H.10,faust://document/faustedition/2_III_H.10,2 III H.10,Witness,,206,84,1799-06-30,1799-06-30,1800-01-02,1800-01-02,1799-10-01,1799.0,1799 … 1800,328
H P25,faust://document/faustedition/H_P25,H P25,Witness,,207,83,1799-06-30,1799-06-30,1801-04-08,1801-04-08,1800-05-19,1800.0,1799 … 1801,554
H P1,faust://document/faustedition/H_P1,H P1,Witness,,208,96,1800-04-12,1800-04-12,1801-04-08,1801-04-08,1800-10-09,1800.0,1800 … 1801,539
H P84 ,faust://document/faustedition/H_P84,H P84 ,Witness,,209,91,1800-04-12,1800-04-12,1800-04-14,1800-04-14,1800-04-13,1800.0,1800,576
bohnenkamp: P10 i_3_u,faust://inscription/bohnenkamp/P10/i_3_u,bohnenkamp: P10 i_3_u,Inscription,bohnenkamp: P10,210,91,1800-04-12,1800-04-12,1800-11-09,1800-11-09,1800-07-26,1800.0,1800,684
R 1,faust://document/faustedition/R_1,R 1,Witness,,211,91,1800-04-12,1800-04-12,1800-11-09,1800-11-09,1800-07-26,1800.0,1800,698
H P27,faust://document/faustedition/H_P27,H P27,Witness,,212,98,1800-11-01,1800-11-01,1800-11-09,1800-11-09,1800-11-05,1800.0,1800,556
H P28,faust://document/faustedition/H_P28,H P28,Witness,,213,96,1800-11-01,1800-11-01,1801-05-02,1801-05-02,1801-01-31,1801.0,1800 … 1801,557
H P29,faust://document/faustedition/H_P29,H P29,Witness,,214,96,1800-11-01,1800-11-01,1800-11-09,1800-11-09,1800-11-05,1800.0,1800,558
H P30,faust://document/faustedition/H_P30,H P30,Witness,,215,96,1800-11-01,1800-11-01,1800-11-09,1800-11-09,1800-11-05,1800.0,1800,559
H P32,faust://document/faustedition/H_P32,H P32,Witness,,216,96,1800-11-01,1800-11-01,1800-11-09,1800-11-09,1800-11-05,1800.0,1800,560
H P62a,faust://document/faustedition/H_P62a,H P62a,Witness,,217,96,1800-11-01,1800-11-01,1806-04-05,1806-04-05,1803-07-19,1803.0,1800 … 1806,564
1 H.14,faust://document/faustedition/1_H.14,1 H.14,Witness,,218,97,1800-11-04,1800-11-04,1801-02-09,1801-02-09,1800-12-22,1800.0,1800 … 1801,17
gsa_1: GSA_25_XVII_1_1a,faust://document/gsa_1/GSA_25_XVII_1_1a,gsa_1: GSA_25_XVII_1_1a,UnknownRef,,219,113,1801-02-11,1801-02-11,1801-02-14,1801-02-14,1801-02-12,1801.0,1801,660
1 H.12,faust://document/faustedition/1_H.12,1 H.12,Witness,,220,128,1806-02-28,1806-02-28,1806-06-01,1806-06-01,1806-04-15,1806.0,1806,15
H P110a,faust://document/faustedition/H_P110a,H P110a,Witness,,221,132,1807-07-31,1807-07-31,1807-09-01,1807-09-01,1807-08-16,1807.0,1807,592
A,faust://document/faustedition/A,A,Witness,,222,138,1808-03-31,1808-03-31,1808-06-01,1808-06-01,1808-05-01,1808.0,1808,639
J.2,faust://document/faustedition/J.2,J.2,Witness,,223,137,1808-04-06,1808-04-06,1808-05-04,1808-05-04,1808-04-20,1808.0,1808,680
D.1,faust://document/faustedition/D.1,D.1,Witness,,224,141,1808-05-31,1808-05-31,1808-11-01,1808-11-01,1808-08-16,1808.0,1808,653
1 H.2,faust://document/faustedition/1_H.2,1 H.2,Witness,,225,142,1808-09-30,1808-09-30,1810-01-01,1810-01-01,1809-05-17,1809.0,1808 … 1809,5
H P47,faust://document/faustedition/H_P47,H P47,Witness,,226,142,1808-09-30,1808-09-30,1809-03-31,1809-03-31,1808-12-30,1808.0,1808 … 1809,562
T 1 H.0,faust://document/faustedition/T_1_H.0,T 1 H.0,Witness,,227,149,1810-11-03,1810-11-03,1812-12-02,1812-12-02,1811-11-18,1811.0,1810 … 1812,703
T 3 H.1,faust://document/faustedition/T_3_H.1,T 3 H.1,Witness,,228,151,1811-12-31,1811-12-31,1813-01-01,1813-01-01,1812-07-01,1812.0,1812,706
T 1 H.1,faust://document/faustedition/T_1_H.1,T 1 H.1,Witness,,229,151,1812-10-19,1812-10-19,1812-12-02,1812-12-02,1812-11-10,1812.0,1812,704
T 2 H,faust://document/faustedition/T_2_H,T 2 H,Witness,,230,158,1814-03-31,1814-03-31,1819-07-05,1819-07-05,1816-11-16,1816.0,1814 … 1819,705
T 4 H.1,faust://document/faustedition/T_4_H.1,T 4 H.1,Witness,,231,158,1814-03-31,1814-03-31,1814-04-12,1814-04-12,1814-04-06,1814.0,1814,709
T 4 H.2,faust://document/faustedition/T_4_H.2,T 4 H.2,Witness,,232,158,1814-04-01,1814-04-01,1814-04-12,1814-04-12,1814-04-06,1814.0,1814,710
T 4 H.3,faust://document/faustedition/T_4_H.3,T 4 H.3,Witness,,233,158,1814-04-01,1814-04-01,1814-04-12,1814-04-12,1814-04-06,1814.0,1814,711
T 5 H.2,faust://document/faustedition/T_5_H.2,T 5 H.2,Witness,,234,163,1815-04-30,1815-04-30,1815-05-04,1815-05-04,1815-05-02,1815.0,1815,713
T 5 H.1,faust://document/faustedition/T_5_H.1,T 5 H.1,Witness,,235,166,1815-05-16,1815-05-16,1815-05-18,1815-05-18,1815-05-17,1815.0,1815,712
B,faust://document/faustedition/B,B,Witness,,236,170,1816-09-30,1816-09-30,1816-11-01,1816-11-01,1816-10-16,1816.0,1816,640
D.2,faust://document/faustedition/D.2,D.2,Witness,,237,170,1816-09-30,,,,1816-09-30,1816.0,1816,654
H P63,faust://document/faustedition/H_P63,H P63,Witness,,238,173,1816-12-15,1816-12-15,1817-06-15,1817-06-15,1817-03-16,1817.0,1816 … 1817,565
B.a,faust://document/faustedition/B.a,B.a,Witness,,239,174,1817-05-31,1817-05-31,1818-01-01,1818-01-01,1817-09-15,1817.0,1817,641
D.3,faust://bibliography/D.3,D.3,UnknownRef,,240,182,1820-12-31,1820-12-31,1822-01-01,1822-01-01,1821-07-02,1821.0,1821,656
2 III H.23,faust://document/faustedition/2_III_H.23,2 III H.23,Witness,,241,184,1822-09-29,1822-09-29,1822-10-01,1822-10-01,1822-09-30,1822.0,1822,342
2 III H.23a*,faust://document/faustedition/2_III_H.23a_,2 III H.23a*,Witness,,242,185,1822-09-29,,1826-05-19,,1824-07-24,1824.0,1822 … 1826,343
2 III H.50b,faust://document/faustedition/2_III_H.50b,2 III H.50b,Witness,,243,188,1823-12-22,1823-12-22,1826-04-20,1826-06-25,1825-02-19,1825.0,1823 … 1826,389
2 III H.65,faust://document/faustedition/2_III_H.65,2 III H.65,Witness,,244,192,1824-04-11,1824-04-11,1824-10-10,1824-10-10,1824-07-11,1824.0,1824,419
2 III H.66a,faust://document/faustedition/2_III_H.66a,2 III H.66a,Witness,,245,194,1824-04-11,,1826-05-19,,1825-04-30,1825.0,1824 … 1826,421
2 III H.80,faust://document/faustedition/2_III_H.80,2 III H.80,Witness,,246,196,1824-04-12,1824-04-12,1824-04-14,1824-04-14,1824-04-13,1824.0,1824,439
1 H.16,faust://document/faustedition/1_H.16,1 H.16,Witness,,247,198,1824-07-30,1824-07-30,1826-07-01,1826-07-01,1825-07-15,1825.0,1824 … 1826,19
2 III H.27 i_v,faust://inscription/faustedition/2_III_H.27/i_v,2 III H.27 i_v,Inscription,2 III H.27,248,202,1824-10-06,1824-10-06,1825-04-06,1825-04-06,1825-01-05,1825.0,1824 … 1825,88
2 III H.49 i_uebrige,faust://inscription/faustedition/2_III_H.49/i_uebrige,2 III H.49 i_uebrige,Inscription,2 III H.49,249,207,1824-11-05,1824-11-05,1825-05-06,1825-05-06,1825-02-04,1825.0,1824 … 1825,72
H P195,faust://document/faustedition/H_P195,H P195,Witness,,250,218,1825-02-23,1825-02-23,1825-02-26,1825-02-26,1825-02-24,1825.0,1825,635
H P194,faust://document/faustedition/H_P194,H P194,Witness,,251,219,1825-02-23,,1825-03-05,,1825-02-28,1825.0,1825,634
2 V H.4,faust://document/faustedition/2_V_H.4,2 V H.4,Witness,,252,221,1825-02-24,1825-02-24,1825-03-05,1825-04-01,1825-02-28,1825.0,1825,488
2 V H.3,faust://document/faustedition/2_V_H.3,2 V H.3,Witness,,253,228,1825-02-24,1825-02-24,1825-03-05,1825-04-01,1825-02-28,1825.0,1825,487
2 V H.15,faust://document/faustedition/2_V_H.15,2 V H.15,Witness,,254,219,1825-02-24,1825-02-24,1825-03-13,1825-03-13,1825-03-04,1825.0,1825,501
2 V H.20,faust://document/faustedition/2_V_H.20,2 V H.20,Witness,,255,219,1825-02-24,1825-02-24,1825-02-27,1825-04-01,1825-02-25,1825.0,1825,508
2 V H.24,faust://document/faustedition/2_V_H.24,2 V H.24,Witness,,256,219,1825-02-24,1825-02-24,1825-03-07,1825-04-01,1825-03-01,1825.0,1825,512
2 V H.27,faust://document/faustedition/2_V_H.27,2 V H.27,Witness,,257,220,1825-02-24,1825-02-24,1825-03-05,1825-04-01,1825-02-28,1825.0,1825,516
2 V H.28 alpha,faust://inscription/faustedition/2_V_H.28/alpha,2 V H.28 alpha,Inscription,2 V H.28,258,220,1825-02-24,,1825-03-05,,1825-02-28,1825.0,1825,27
2 V H.25,faust://document/faustedition/2_V_H.25,2 V H.25,Witness,,259,222,1825-02-24,1825-02-24,1825-03-05,1825-04-01,1825-02-28,1825.0,1825,513
2 V H.19,faust://document/faustedition/2_V_H.19,2 V H.19,Witness,,260,226,1825-02-24,,1825-03-17,,1825-03-06,1825.0,1825,507
2 V H.28,faust://document/faustedition/2_V_H.28,2 V H.28,Witness,,261,227,1825-02-24,1825-02-24,1825-03-05,1825-03-05,1825-02-28,1825.0,1825,517
2 V H.29 i_r,faust://inscription/faustedition/2_V_H.29/i_r,2 V H.29 i_r,Inscription,2 V H.29,262,223,1825-02-24,,1825-03-17,,1825-03-06,1825.0,1825,49
2 V H.29 i_v,faust://inscription/faustedition/2_V_H.29/i_v,2 V H.29 i_v,Inscription,2 V H.29,263,223,1825-02-24,,1825-03-17,,1825-03-06,1825.0,1825,82
2 V H.29,faust://document/faustedition/2_V_H.29,2 V H.29,Witness,,264,225,1825-02-24,1825-02-24,1825-03-17,1825-04-01,1825-03-06,1825.0,1825,518
2 III H.8 i_r,faust://inscription/faustedition/2_III_H.8/i_r,2 III H.8 i_r,Inscription,2 III H.8,265,222,1825-02-25,1825-02-25,1825-04-06,1825-04-06,1825-03-17,1825.0,1825,53
2 V H.15a i_r_g,faust://inscription/faustedition/2_V_H.15a/i_r_g,2 V H.15a i_r_g,Inscription,2 V H.15a,266,220,1825-02-25,1825-02-25,1825-04-06,1825-04-06,1825-03-17,1825.0,1825,55
2 III H.5 i_r_r,faust://inscription/faustedition/2_III_H.5/i_r_r,2 III H.5 i_r_r,Inscription,2 III H.5,267,222,1825-02-25,1825-02-25,1825-04-06,1825-04-06,1825-03-17,1825.0,1825,58
2 III H.5 i_uebrige,faust://inscription/faustedition/2_III_H.5/i_uebrige,2 III H.5 i_uebrige,Inscription,2 III H.5,268,220,1825-02-25,1825-02-25,1825-04-06,1825-04-06,1825-03-17,1825.0,1825,71
2 V H.4 i_uebrige,faust://inscription/faustedition/2_V_H.4/i_uebrige,2 V H.4 i_uebrige,Inscription,2 V H.4,269,229,1825-02-25,1825-02-25,1825-03-05,1825-04-06,1825-03-01,1825.0,1825,65
2_III_H.8: i_r,faust://document/wa/2_III_H.8/i_r,2_III_H.8: i_r,UnknownRef,,270,221,1825-02-25,,,,1825-02-25,1825.0,1825,106
2 III H.30,faust://document/faustedition/2_III_H.30,2 III H.30,Witness,,271,222,1825-02-25,1825-02-25,1825-03-08,1825-03-08,1825-03-02,1825.0,1825,355
2 III H.34,faust://document/faustedition/2_III_H.34,2 III H.34,Witness,,272,223,1825-02-25,1825-02-25,1825-04-01,1825-04-06,1825-03-14,1825.0,1825,360
2 III H.26,faust://document/faustedition/2_III_H.26,2 III H.26,Witness,,273,226,1825-02-25,,1825-04-06,,1825-03-17,1825.0,1825,351
2 III H.32,faust://document/faustedition/2_III_H.32,2 III H.32,Witness,,274,225,1825-02-25,,1825-04-01,,1825-03-14,1825.0,1825,357
2 III H.36,faust://document/faustedition/2_III_H.36,2 III H.36,Witness,,275,220,1825-02-25,1825-02-25,1825-04-06,1825-04-06,1825-03-17,1825.0,1825,362
2 III H.35,faust://document/faustedition/2_III_H.35,2 III H.35,Witness,,276,223,1825-02-25,1822-09-29,1825-04-06,,1825-03-17,1825.0,1825,361
2 III H.47,faust://document/faustedition/2_III_H.47,2 III H.47,Witness,,277,220,1825-02-25,1825-02-25,1826-03-27,1826-03-27,1825-09-10,1825.0,1825 … 1826,380
2 V H.5,faust://document/faustedition/2_V_H.5,2 V H.5,Witness,,278,229,1825-02-25,1825-02-24,1825-03-05,1825-04-01,1825-03-01,1825.0,1825,489
2 V H.6,faust://document/faustedition/2_V_H.6,2 V H.6,Witness,,279,236,1825-02-25,1825-02-24,1825-03-05,1825-04-01,1825-03-01,1825.0,1825,490
2 V H.8 i_r,faust://inscription/faustedition/2_V_H.8/i_r,2 V H.8 i_r,Inscription,2 V H.8,280,228,1825-02-25,,,,1825-02-25,1825.0,1825,44
2 V H.8 i_uebrige,faust://inscription/faustedition/2_V_H.8/i_uebrige,2 V H.8 i_uebrige,Inscription,2 V H.8,281,234,1825-02-25,1825-02-25,1825-03-05,,1825-03-01,1825.0,1825,66
2 V H.8,faust://document/faustedition/2_V_H.8,2 V H.8,Witness,,282,229,1825-02-25,1825-02-24,1825-03-05,1825-04-01,1825-03-01,1825.0,1825,492
2 V H.7,faust://document/faustedition/2_V_H.7,2 V H.7,Witness,,283,240,1825-02-25,1825-02-25,1825-03-05,1825-04-01,1825-03-01,1825.0,1825,491
2 V H.9,faust://document/faustedition/2_V_H.9,2 V H.9,Witness,,284,233,1825-02-25,1825-02-25,1825-03-05,1825-03-05,1825-03-01,1825.0,1825,493
2 V H.10,faust://document/faustedition/2_V_H.10,2 V H.10,Witness,,285,234,1825-02-25,1825-02-25,1825-03-08,1825-03-08,1825-03-02,1825.0,1825,494
2 V H.4 i_v,faust://inscription/faustedition/2_V_H.4/i_v,2 V H.4 i_v,Inscription,2 V H.4,286,234,1825-02-25,,,,1825-02-25,1825.0,1825,77
2 V H.11,faust://document/faustedition/2_V_H.11,2 V H.11,Witness,,287,234,1825-02-25,1825-02-24,1825-03-08,1825-04-01,1825-03-02,1825.0,1825,495
2 V H.15b,faust://document/faustedition/2_V_H.15b,2 V H.15b,Witness,,288,221,1825-02-25,1825-02-25,1825-03-17,1825-04-06,1825-03-07,1825.0,1825,503
H P93,faust://document/faustedition/H_P93,H P93,Witness,,289,224,1825-02-25,1825-02-25,1825-04-06,1825-04-06,1825-03-17,1825.0,1825,578
H P165,faust://document/faustedition/H_P165,H P165,Witness,,290,225,1825-02-25,,,,1825-02-25,1825.0,1825,617
gsa_2: GSA_25_W_1575,faust://document/gsa_2/GSA_25_W_1575,gsa_2: GSA_25_W_1575,UnknownRef,,291,220,1825-02-25,1825-02-25,1830-01-01,1830-01-01,1827-07-30,1827.0,1825 … 1829,663
H P167 i_v,faust://inscription/faustedition/H_P167/i_v,H P167 i_v,Inscription,H P167,292,221,1825-02-25,1825-02-25,1825-04-06,1825-04-06,1825-03-17,1825.0,1825,678
2 V H.24 i_r,faust://inscription/faustedition/2_V_H.24/i_r,2 V H.24 i_r,Inscription,2 V H.24,293,223,1825-02-26,1825-02-26,1825-02-27,1825-02-28,1825-02-26,1825.0,1825,48
2 V H.22,faust://document/faustedition/2_V_H.22,2 V H.22,Witness,,294,224,1825-02-26,1825-02-24,1825-02-27,1825-04-01,1825-02-26,1825.0,1825,510
2 V H.23,faust://document/faustedition/2_V_H.23,2 V H.23,Witness,,295,228,1825-02-26,1825-02-25,1825-02-27,1825-03-01,1825-02-26,1825.0,1825,511
2 V H.21,faust://document/faustedition/2_V_H.21,2 V H.21,Witness,,296,233,1825-02-26,1825-02-24,1825-02-27,1825-02-28,1825-02-26,1825.0,1825,509
2 V H.24 i_v,faust://inscription/faustedition/2_V_H.24/i_v,2 V H.24 i_v,Inscription,2 V H.24,297,229,1825-02-26,1824-08-29,1825-02-27,1825-02-27,1825-02-26,1825.0,1825,81
2 V H.26,faust://document/faustedition/2_V_H.26,2 V H.26,Witness,,298,225,1825-02-26,,1825-03-17,,1825-03-07,1825.0,1825,514
2 V H.32,faust://document/faustedition/2_V_H.32,2 V H.32,Witness,,299,226,1825-02-26,1825-02-24,1825-03-07,1825-04-01,1825-03-02,1825.0,1825,522
2 V H.31 i_r_o,faust://inscription/faustedition/2_V_H.31/i_r_o,2 V H.31 i_r_o,Inscription,2 V H.31,300,225,1825-02-26,,1825-03-07,,1825-03-02,1825.0,1825,57
2 V H.17 i_v,faust://inscription/faustedition/2_V_H.17/i_v,2 V H.17 i_v,Inscription,2 V H.17,301,228,1825-02-26,,1825-03-17,1825-04-07,1825-03-07,1825.0,1825,79
2 V H.26 i_r,faust://inscription/faustedition/2_V_H.26/i_r,2 V H.26 i_r,Inscription,2 V H.26,302,231,1825-02-26,,1825-03-17,1825-04-07,1825-03-07,1825.0,1825,47
2 V H.26 i_v,faust://inscription/faustedition/2_V_H.26/i_v,2 V H.26 i_v,Inscription,2 V H.26,303,232,1825-02-26,,1825-03-17,1825-04-07,1825-03-07,1825.0,1825,80
2 V H.18,faust://document/faustedition/2_V_H.18,2 V H.18,Witness,,304,228,1825-02-26,,1825-03-17,,1825-03-07,1825.0,1825,506
2 V H.17,faust://document/faustedition/2_V_H.17,2 V H.17,Witness,,305,230,1825-02-26,1825-02-24,1825-03-17,1825-04-01,1825-03-07,1825.0,1825,505
2 V H.13 i_r,faust://inscription/faustedition/2_V_H.13/i_r,2 V H.13 i_r,Inscription,2 V H.13,306,231,1825-03-01,1825-03-01,1825-03-08,1825-03-08,1825-03-04,1825.0,1825,45
2 V H.31 i_r_uebrige,faust://inscription/faustedition/2_V_H.31/i_r_uebrige,2 V H.31 i_r_uebrige,Inscription,2 V H.31,307,234,1825-03-01,1825-03-01,1825-03-07,1825-04-01,1825-03-04,1825.0,1825,60
2 III H.8 i_v,faust://inscription/faustedition/2_III_H.8/i_v,2 III H.8 i_v,Inscription,2 III H.8,308,232,1825-03-01,1825-03-01,1825-03-30,1825-04-01,1825-03-15,1825.0,1825,87
2 V H.31 i_v,faust://inscription/faustedition/2_V_H.31/i_v,2 V H.31 i_v,Inscription,2 V H.31,309,234,1825-03-01,1825-03-01,1825-03-07,1825-04-01,1825-03-04,1825.0,1825,83
2 V H.12:1,faust://document/faustedition/2_V_H.12_1,2 V H.12:1,Witness,,310,246,1825-03-01,1825-03-01,1825-03-08,1825-03-08,1825-03-04,1825.0,1825,496
2 V H.12:2,faust://document/faustedition/2_V_H.12_2,2 V H.12:2,Witness,,311,246,1825-03-01,1825-03-01,1825-03-08,1825-03-08,1825-03-04,1825.0,1825,497
2 V H.13,faust://document/faustedition/2_V_H.13,2 V H.13,Witness,,312,250,1825-03-01,1825-02-24,1825-03-17,1825-04-01,1825-03-09,1825.0,1825,498
2 V H.30,faust://document/faustedition/2_V_H.30,2 V H.30,Witness,,313,240,1825-03-01,1825-02-24,1825-03-07,1825-03-07,1825-03-04,1825.0,1825,519
2 V H.2 alpha,faust://inscription/faustedition/2_V_H.2/alpha,2 V H.2 alpha,Inscription,2 V H.2,314,241,1825-03-01,,1825-03-17,,1825-03-09,1825.0,1825,26
2 V H.31,faust://document/faustedition/2_V_H.31,2 V H.31,Witness,,315,239,1825-03-01,1825-02-24,1825-03-17,1825-04-01,1825-03-09,1825.0,1825,520
2 V H.31a,faust://document/faustedition/2_V_H.31a,2 V H.31a,Witness,,316,238,1825-03-01,1824-09-19,1825-03-20,1825-03-20,1825-03-10,1825.0,1825,521
H P163,faust://document/faustedition/H_P163,H P163,Witness,,317,233,1825-03-01,1825-02-25,1825-03-30,1825-04-06,1825-03-15,1825.0,1825,615
2 III H.13,faust://document/faustedition/2_III_H.13,2 III H.13,Witness,,318,234,1825-03-01,1825-03-01,1825-03-30,1825-04-01,1825-03-15,1825.0,1825,332
2 III H.11,faust://document/faustedition/2_III_H.11,2 III H.11,Witness,,319,236,1825-03-01,1825-02-25,1825-04-06,1825-05-30,1825-03-19,1825.0,1825,329
2 III H.14,faust://document/faustedition/2_III_H.14,2 III H.14,Witness,,320,238,1825-03-01,1824-10-21,1825-03-30,1825-04-21,1825-03-15,1825.0,1825,333
2 III H.18,faust://document/faustedition/2_III_H.18,2 III H.18,Witness,,321,234,1825-03-01,1822-09-29,1825-03-30,,1825-03-15,1825.0,1825,337
fischer_lamberg: 2_III_H.15 ,faust://inscription/fischer_lamberg/2_III_H.15/,fischer_lamberg: 2_III_H.15 ,Inscription,fischer_lamberg: 2_III_H.15,322,237,1825-03-01,,1825-04-02,,1825-03-17,1825.0,1825,98
2 III H.15,faust://document/faustedition/2_III_H.15,2 III H.15,Witness,,323,239,1825-03-01,1822-09-29,1825-03-30,,1825-03-15,1825.0,1825,334
wa: 2_III_H.15II,faust://document/wa/2_III_H.15II,wa: 2_III_H.15II,UnknownRef,,324,238,1825-03-01,,1825-04-06,,1825-03-19,1825.0,1825,112
2 III H.6:2,faust://document/faustedition/2_III_H.6_2,2 III H.6:2,Witness,,325,245,1825-03-01,1825-02-25,1825-03-30,1825-03-30,1825-03-15,1825.0,1825,316
2 III H.6:1,faust://document/faustedition/2_III_H.6_1,2 III H.6:1,Witness,,326,247,1825-03-01,1822-09-29,1825-03-30,1825-03-30,1825-03-15,1825.0,1825,315
2 III H.16,faust://document/faustedition/2_III_H.16,2 III H.16,Witness,,327,243,1825-03-01,,1825-04-06,,1825-03-19,1825.0,1825,335
2 III H.19,faust://document/faustedition/2_III_H.19,2 III H.19,Witness,,328,247,1825-03-01,1824-10-02,1825-04-02,1825-04-02,1825-03-17,1825.0,1825,338
2 III H.20,faust://document/faustedition/2_III_H.20,2 III H.20,Witness,,329,243,1825-03-01,,1825-04-06,,1825-03-19,1825.0,1825,339
2 III H.21,faust://document/faustedition/2_III_H.21,2 III H.21,Witness,,330,243,1825-03-01,,1825-04-06,,1825-03-19,1825.0,1825,340
2 III H.24,faust://document/faustedition/2_III_H.24,2 III H.24,Witness,,331,240,1825-03-01,,1825-04-06,,1825-03-19,1825.0,1825,347
2 III H.17,faust://document/faustedition/2_III_H.17,2 III H.17,Witness,,332,264,1825-03-01,1825-02-25,1825-04-06,1825-04-06,1825-03-19,1825.0,1825,336
2 III H.1 alpha,faust://inscription/faustedition/2_III_H.1/alpha,2 III H.1 alpha,Inscription,2 III H.1,333,247,1825-03-01,,,,1825-03-01,1825.0,1825,29
2 III H.24a,faust://document/faustedition/2_III_H.24a,2 III H.24a,Witness,,334,240,1825-03-01,,,,1825-03-01,1825.0,1825,348
H P176a,faust://document/faustedition/H_P176a,H P176a,Witness,,335,231,1825-03-01,1825-03-01,1825-04-04,1825-04-06,1825-03-18,1825.0,1825,624
inscription: wa P230,faust://inscription/wa/P230,inscription: wa P230,UnknownRef,,336,231,1825-03-01,1825-03-01,1825-04-01,1825-04-01,1825-03-16,1825.0,1825,688
2 III H.31,faust://document/faustedition/2_III_H.31,2 III H.31,Witness,,337,269,1825-03-08,1825-03-08,1825-04-01,1825-04-01,1825-03-20,1825.0,1825,356
2 III H.33,faust://document/faustedition/2_III_H.33,2 III H.33,Witness,,338,268,1825-03-08,,1825-04-06,,1825-03-22,1825.0,1825,358
2 V H.13 i_v,faust://inscription/faustedition/2_V_H.13/i_v,2 V H.13 i_v,Inscription,2 V H.13,339,270,1825-03-13,1825-03-13,1825-03-17,,1825-03-15,1825.0,1825,78
2 III H.25a,faust://document/faustedition/2_III_H.25a,2 III H.25a,Witness,,340,276,1825-03-13,1825-03-13,1825-04-06,1825-09-11,1825-03-25,1825.0,1825,350
2 III H.25,faust://document/faustedition/2_III_H.25,2 III H.25,Witness,,341,276,1825-03-13,,1825-04-06,,1825-03-25,1825.0,1825,349
2 V H.14,faust://document/faustedition/2_V_H.14,2 V H.14,Witness,,342,276,1825-03-13,1825-03-13,1825-03-17,1825-04-01,1825-03-15,1825.0,1825,499
2 V H.2,faust://document/faustedition/2_V_H.2,2 V H.2,Witness,,343,335,1825-03-13,1825-03-12,1825-03-17,1825-03-17,1825-03-15,1825.0,1825,486
2 III H.27 i_r,faust://inscription/faustedition/2_III_H.27/i_r,2 III H.27 i_r,Inscription,2 III H.27,344,291,1825-03-24,1825-03-24,1825-04-05,1825-04-05,1825-03-30,1825.0,1825,54
2 III H.42,faust://document/faustedition/2_III_H.42,2 III H.42,Witness,,345,297,1825-03-28,1825-03-28,1825-03-30,1825-03-30,1825-03-29,1825.0,1825,369
2 III H.37,faust://document/faustedition/2_III_H.37,2 III H.37,Witness,,346,295,1825-03-28,,1825-04-06,,1825-04-01,1825.0,1825,363
2 III H.37a,faust://document/faustedition/2_III_H.37a,2 III H.37a,Witness,,347,296,1825-03-28,,1826-06-10,,1825-11-02,1825.0,1825 … 1826,364
2 III H.41,faust://document/faustedition/2_III_H.41,2 III H.41,Witness,,348,298,1825-03-28,1824-11-17,1825-04-06,1825-05-18,1825-04-01,1825.0,1825,368
2 III H.42a,faust://document/faustedition/2_III_H.42a,2 III H.42a,Witness,,349,295,1825-03-28,,,,1825-03-28,1825.0,1825,370
2 III H.44,faust://document/faustedition/2_III_H.44,2 III H.44,Witness,,350,297,1825-03-28,1824-04-30,1825-04-06,1825-04-21,1825-04-01,1825.0,1825,372
2 III H.44a,faust://document/faustedition/2_III_H.44a,2 III H.44a,Witness,,351,299,1825-03-28,1824-04-22,1825-04-06,1825-04-21,1825-04-01,1825.0,1825,373
2 III H.27,faust://document/faustedition/2_III_H.27,2 III H.27,Witness,,352,297,1825-03-29,1825-03-29,1825-04-06,1825-09-27,1825-04-02,1825.0,1825,352
2 III H.28,faust://document/faustedition/2_III_H.28,2 III H.28,Witness,,353,301,1825-03-29,1825-03-29,1825-04-06,1825-04-06,1825-04-02,1825.0,1825,353
2 III H.29,faust://document/faustedition/2_III_H.29,2 III H.29,Witness,,354,301,1825-03-29,1825-03-29,1825-04-06,1825-09-27,1825-04-02,1825.0,1825,354
2 III H.38,faust://document/faustedition/2_III_H.38,2 III H.38,Witness,,355,300,1825-03-29,1825-03-29,1825-04-06,1825-09-27,1825-04-02,1825.0,1825,365
2 III H.39,faust://document/faustedition/2_III_H.39,2 III H.39,Witness,,356,296,1825-03-29,1825-03-29,1825-04-06,1825-06-04,1825-04-02,1825.0,1825,366
2 III H.40,faust://document/faustedition/2_III_H.40,2 III H.40,Witness,,357,296,1825-03-29,1825-03-29,1825-04-06,1825-06-05,1825-04-02,1825.0,1825,367
2 III H.1,faust://document/faustedition/2_III_H.1,2 III H.1,Witness,,358,392,1825-03-29,1825-02-24,1825-04-06,1825-04-06,1825-04-02,1825.0,1825,301
2 III H.64b,faust://document/faustedition/2_III_H.64b,2 III H.64b,Witness,,359,300,1825-03-29,,1826-04-28,,1825-10-12,1825.0,1825 … 1826,415
2 III H.64a,faust://document/faustedition/2_III_H.64a,2 III H.64a,Witness,,360,299,1825-03-29,,,,1825-03-29,1825.0,1825,414
2 III H.64c,faust://document/faustedition/2_III_H.64c,2 III H.64c,Witness,,361,300,1825-03-29,,,,1825-03-29,1825.0,1825,416
2 III H.64d,faust://document/faustedition/2_III_H.64d,2 III H.64d,Witness,,362,301,1825-03-29,,,,1825-03-29,1825.0,1825,417
H P164a,faust://document/faustedition/H_P164a,H P164a,Witness,,363,299,1825-03-29,1825-03-29,1825-04-04,1825-04-04,1825-04-01,1825.0,1825,616
2 III H.2a:1,faust://document/faustedition/2_III_H.2a_1,2 III H.2a:1,Witness,,364,313,1825-04-02,1825-04-02,1825-10-01,1825-10-01,1825-07-02,1825.0,1825,304
2 III H.8a,faust://document/faustedition/2_III_H.8a,2 III H.8a,Witness,,365,313,1825-04-02,1825-04-02,1825-10-01,1825-10-01,1825-07-02,1825.0,1825,323
2 III H.8c,faust://document/faustedition/2_III_H.8c,2 III H.8c,Witness,,366,313,1825-04-02,1825-04-02,1825-10-01,1825-10-01,1825-07-02,1825.0,1825,325
2 III H.9a,faust://document/faustedition/2_III_H.9a,2 III H.9a,Witness,,367,313,1825-04-02,1825-04-02,1825-10-01,1825-10-01,1825-07-02,1825.0,1825,327
2 III H.23d,faust://document/faustedition/2_III_H.23d,2 III H.23d,Witness,,368,313,1825-04-02,1825-04-02,1825-10-01,1825-10-01,1825-07-02,1825.0,1825,346
H P166a,faust://document/faustedition/H_P166a,H P166a,Witness,,369,319,1825-04-04,1825-04-04,1825-04-06,1825-04-06,1825-04-05,1825.0,1825,618
2 III H.49a,faust://document/faustedition/2_III_H.49a,2 III H.49a,Witness,,370,318,1825-04-04,,1826-05-10,,1825-10-21,1825.0,1825 … 1826,384
2 III H.49b,faust://document/faustedition/2_III_H.49b,2 III H.49b,Witness,,371,319,1825-04-04,,1826-05-10,,1825-10-21,1825.0,1825 … 1826,385
2 III H.49c,faust://document/faustedition/2_III_H.49c,2 III H.49c,Witness,,372,320,1825-04-04,,1826-05-10,,1825-10-21,1825.0,1825 … 1826,386
H P167 i_uebrige,faust://inscription/faustedition/H_P167/i_uebrige,H P167 i_uebrige,Inscription,H P167,373,323,1825-04-04,,1825-04-06,,1825-04-05,1825.0,1825,674
2 III H.12,faust://document/faustedition/2_III_H.12,2 III H.12,Witness,,374,329,1825-04-04,1825-02-25,1825-04-06,1825-04-06,1825-04-05,1825.0,1825,330
2 V H.26a,faust://document/faustedition/2_V_H.26a,2 V H.26a,Witness,,375,367,1825-04-25,1825-04-25,1825-04-27,1825-04-27,1825-04-26,1825.0,1825,515
2 I H.1,faust://document/faustedition/2_I_H.1,2 I H.1,Witness,,376,365,1825-05-04,1825-05-04,1825-05-30,1825-05-30,1825-05-17,1825.0,1825,123
2 III H.58 i_v,faust://inscription/faustedition/2_III_H.58/i_v,2 III H.58 i_v,Inscription,2 III H.58,377,367,1825-05-06,1825-05-06,1827-05-28,1827-05-28,1826-05-17,1826.0,1825 … 1827,86
1 H.1,faust://document/faustedition/1_H.1,1 H.1,Witness,,378,369,1825-05-21,1825-05-21,1828-01-11,1828-01-11,1826-09-15,1826.0,1825 … 1828,4
1 H.6,faust://document/faustedition/1_H.6,1 H.6,Witness,,379,374,1825-06-11,1825-06-11,1825-06-13,1825-06-13,1825-06-12,1825.0,1825,9
D.4,faust://bibliography/D.4,D.4,UnknownRef,,380,379,1825-08-31,1825-08-31,1825-10-01,1825-10-01,1825-09-15,1825.0,1825,657
D.4α ,faust://bibliography/D.4alpha,D.4α ,UnknownRef,,381,379,1825-08-31,1825-08-31,1825-10-01,1825-10-01,1825-09-15,1825.0,1825,658
2 III H.60 i_uebrige,faust://inscription/faustedition/2_III_H.60/i_uebrige,2 III H.60 i_uebrige,Inscription,2 III H.60,382,392,1825-12-14,1825-12-14,1826-05-19,1826-06-14,1826-03-02,1826.0,1825 … 1826,74
2 I H.9e*,faust://document/faustedition/2_I_H.9e_,2 I H.9e*,Witness,,383,393,1825-12-24,1825-12-24,1825-12-26,1825-12-26,1825-12-25,1825.0,1825,137
2 I H.9f,faust://document/faustedition/2_I_H.9f,2 I H.9f,Witness,,384,394,1825-12-24,,,,1825-12-24,1825.0,1825,138
2 I H.9g,faust://document/faustedition/2_I_H.9g,2 I H.9g,Witness,,385,394,1825-12-24,,,,1825-12-24,1825.0,1825,139
2 I H.9h,faust://document/faustedition/2_I_H.9h,2 I H.9h,Witness,,386,393,1825-12-24,1825-12-24,1825-12-26,1825-12-26,1825-12-25,1825.0,1825,140
2 I H.9i*,faust://document/faustedition/2_I_H.9i_,2 I H.9i*,Witness,,387,397,1825-12-24,1825-12-24,1825-12-26,1825-12-26,1825-12-25,1825.0,1825,141
H P176 Var i_r,faust://inscription/faustedition/H_P176_Var/i_r,H P176 Var i_r,Inscription,H P176 Var,388,394,1825-12-25,1825-12-25,1826-05-19,1826-06-25,1826-03-07,1826.0,1825 … 1826,672
1 H.17,faust://document/faustedition/1_H.17,1 H.17,Witness,,389,399,1825-12-31,1825-12-31,1827-01-01,1827-01-01,1826-07-02,1826.0,1826,20
2 III H.0,faust://document/faustedition/2_III_H.0,2 III H.0,Witness,,390,401,1826-02-02,1826-02-02,1826-08-03,1826-08-03,1826-05-04,1826.0,1826,300
2 III H.50a,faust://document/faustedition/2_III_H.50a,2 III H.50a,Witness,,391,402,1826-02-21,1826-02-21,1826-05-19,1826-12-20,1826-04-05,1826.0,1826,388
2 III H.45,faust://document/faustedition/2_III_H.45,2 III H.45,Witness,,392,405,1826-03-11,1826-03-11,1826-05-19,1826-09-09,1826-04-14,1826.0,1826,374
2 III H.58 i_r,faust://inscription/faustedition/2_III_H.58/i_r,2 III H.58 i_r,Inscription,2 III H.58,393,407,1826-03-13,1826-03-13,1826-06-25,1826-06-25,1826-05-04,1826.0,1826,52
2 III H.49 i_r_u,faust://inscription/faustedition/2_III_H.49/i_r_u,2 III H.49 i_r_u,Inscription,2 III H.49,394,405,1826-03-13,1826-03-13,1826-03-27,1826-03-27,1826-03-20,1826.0,1826,59
2 III H.59b i_uebrige,faust://inscription/faustedition/2_III_H.59b/i_uebrige,2 III H.59b i_uebrige,Inscription,2 III H.59b,395,408,1826-03-13,1826-03-13,1826-05-19,1826-06-25,1826-04-15,1826.0,1826,73
2 III H.43,faust://document/faustedition/2_III_H.43,2 III H.43,Witness,,396,408,1826-03-13,1826-03-13,1826-04-15,1826-04-15,1826-03-29,1826.0,1826,371
2 III H.48a,faust://document/faustedition/2_III_H.48a,2 III H.48a,Witness,,397,405,1826-03-13,1826-03-13,1826-05-19,1826-09-11,1826-04-15,1826.0,1826,382
2 III H.55,faust://document/faustedition/2_III_H.55,2 III H.55,Witness,,398,405,1826-03-13,1826-03-13,1826-04-23,1826-06-25,1826-04-02,1826.0,1826,396
2 III H.70,faust://document/faustedition/2_III_H.70,2 III H.70,Witness,,399,407,1826-03-13,1826-03-13,1826-05-19,1826-06-06,1826-04-15,1826.0,1826,426
2 III H.72,faust://document/faustedition/2_III_H.72,2 III H.72,Witness,,400,408,1826-03-13,1826-02-02,1826-05-19,1826-08-03,1826-04-15,1826.0,1826,428
2 III H.78a,faust://document/faustedition/2_III_H.78a,2 III H.78a,Witness,,401,405,1826-03-13,1826-03-13,1826-05-19,1826-09-11,1826-04-15,1826.0,1826,437
2 III H.79,faust://document/faustedition/2_III_H.79,2 III H.79,Witness,,402,408,1826-03-13,1826-03-11,1826-05-19,1826-09-09,1826-04-15,1826.0,1826,438
2 III H.77,faust://document/faustedition/2_III_H.77,2 III H.77,Witness,,403,409,1826-03-14,1826-03-14,1826-03-16,1826-03-16,1826-03-15,1826.0,1826,435
2 III H.46,faust://document/faustedition/2_III_H.46,2 III H.46,Witness,,404,418,1826-03-30,1826-03-30,1826-04-01,1826-04-01,1826-03-31,1826.0,1826,377
H P168,faust://document/faustedition/H_P168,H P168,Witness,,405,422,1826-04-03,1826-04-03,1826-04-28,1826-04-28,1826-04-15,1826.0,1826,620
2 III H.50d,faust://document/faustedition/2_III_H.50d,2 III H.50d,Witness,,406,427,1826-04-18,1826-04-18,1826-04-20,1826-04-20,1826-04-19,1826.0,1826,391
2 III H.50c,faust://document/faustedition/2_III_H.50c,2 III H.50c,Witness,,407,429,1826-04-18,,1826-04-20,,1826-04-19,1826.0,1826,390
2 III H.51,faust://document/faustedition/2_III_H.51,2 III H.51,Witness,,408,433,1826-04-18,1826-04-08,1826-04-20,1826-04-20,1826-04-19,1826.0,1826,392
2 III H.53,faust://document/faustedition/2_III_H.53,2 III H.53,Witness,,409,433,1826-04-18,1826-02-21,1826-05-19,,1826-05-03,1826.0,1826,394
2 III H.52,faust://document/faustedition/2_III_H.52,2 III H.52,Witness,,410,435,1826-04-18,,1826-05-19,,1826-05-03,1826.0,1826,393
2 III H.54,faust://document/faustedition/2_III_H.54,2 III H.54,Witness,,411,433,1826-04-21,1826-04-21,1826-04-23,1826-04-23,1826-04-22,1826.0,1826,395
2 III H.56,faust://document/faustedition/2_III_H.56,2 III H.56,Witness,,412,438,1826-04-21,1826-04-21,1826-04-23,1826-04-23,1826-04-22,1826.0,1826,397
2 III H.56a,faust://document/faustedition/2_III_H.56a,2 III H.56a,Witness,,413,435,1826-04-21,,,,1826-04-21,1826.0,1826,398
2 III H.56b,faust://document/faustedition/2_III_H.56b,2 III H.56b,Witness,,414,436,1826-04-21,,,,1826-04-21,1826.0,1826,399
2 III H.56c,faust://document/faustedition/2_III_H.56c,2 III H.56c,Witness,,415,437,1826-04-21,,,,1826-04-21,1826.0,1826,400
2 III H.71,faust://document/faustedition/2_III_H.71,2 III H.71,Witness,,416,442,1826-04-24,1826-04-24,1826-05-19,1826-10-23,1826-05-06,1826.0,1826,427
2 III H.64,faust://document/faustedition/2_III_H.64,2 III H.64,Witness,,417,447,1826-04-30,1826-04-30,1826-05-02,1826-05-02,1826-05-01,1826.0,1826,413
2 III H.63,faust://document/faustedition/2_III_H.63,2 III H.63,Witness,,418,445,1826-04-30,,1826-05-19,,1826-05-09,1826.0,1826,412
2 III H.67,faust://document/faustedition/2_III_H.67,2 III H.67,Witness,,419,442,1826-04-30,1826-04-30,1826-05-19,1826-10-29,1826-05-09,1826.0,1826,422
2 III H.59,faust://document/faustedition/2_III_H.59,2 III H.59,Witness,,420,448,1826-05-02,1826-05-02,1826-05-04,1826-05-04,1826-05-03,1826.0,1826,405
2 III H.33a,faust://document/faustedition/2_III_H.33a,2 III H.33a,Witness,,421,450,1826-05-02,1826-05-02,1826-05-04,1826-05-04,1826-05-03,1826.0,1826,359
2 III H.59a,faust://document/faustedition/2_III_H.59a,2 III H.59a,Witness,,422,450,1826-05-02,1825-04-07,1826-05-19,1826-06-25,1826-05-10,1826.0,1826,406
2 III H.57,faust://document/faustedition/2_III_H.57,2 III H.57,Witness,,423,449,1826-05-02,1826-03-13,1826-05-19,1826-06-25,1826-05-10,1826.0,1826,401
2 III H.57a,faust://document/faustedition/2_III_H.57a,2 III H.57a,Witness,,424,450,1826-05-02,,1826-05-19,,1826-05-10,1826.0,1826,402
2 III H.58,faust://document/faustedition/2_III_H.58,2 III H.58,Witness,,425,454,1826-05-02,1825-07-06,1826-05-19,,1826-05-10,1826.0,1826,403
2 III H.58a,faust://document/faustedition/2_III_H.58a,2 III H.58a,Witness,,426,451,1826-05-02,,,,1826-05-02,1826.0,1826,404
2 III H.59b,faust://document/faustedition/2_III_H.59b,2 III H.59b,Witness,,427,452,1826-05-02,,1826-05-19,,1826-05-10,1826.0,1826,407
2 III H.59c,faust://document/faustedition/2_III_H.59c,2 III H.59c,Witness,,428,457,1826-05-02,,1826-05-19,,1826-05-10,1826.0,1826,408
2 III H.7:4,faust://document/faustedition/2_III_H.7_4,2 III H.7:4,Witness,,429,460,1826-05-09,1826-05-09,1826-05-10,1826-05-10,1826-05-09,1826.0,1826,320
2 III H.78,faust://document/faustedition/2_III_H.78,2 III H.78,Witness,,430,455,1826-05-09,1826-05-09,1826-05-19,1826-05-25,1826-05-14,1826.0,1826,436
2 III H.2:2,faust://document/faustedition/2_III_H.2_2,2 III H.2:2,Witness,,431,557,1826-05-09,1826-03-11,1826-05-19,,1826-05-14,1826.0,1826,303
fischer_lamberg: 2_III_H.22_5,faust://document/fischer_lamberg/2_III_H.22_5,fischer_lamberg: 2_III_H.22_5,UnknownRef,,432,488,1826-05-09,,1826-05-19,,1826-05-14,1826.0,1826,96
wa: 2_III_H.2alpha,faust://document/wa/2_III_H.2alpha,wa: 2_III_H.2alpha,UnknownRef,,433,490,1826-05-09,,1826-05-19,,1826-05-14,1826.0,1826,111
2 III H.2:1,faust://document/faustedition/2_III_H.2_1,2 III H.2:1,Witness,,434,563,1826-05-09,1826-03-11,1826-05-19,,1826-05-14,1826.0,1826,302
fischer_lamberg: 2_III_H.22_1,faust://document/fischer_lamberg/2_III_H.22_1,fischer_lamberg: 2_III_H.22_1,UnknownRef,,435,493,1826-05-09,1826-04-21,1826-05-26,,1826-05-17,1826.0,1826,92
fischer_lamberg: 2_III_H.22_2,faust://document/fischer_lamberg/2_III_H.22_2,fischer_lamberg: 2_III_H.22_2,UnknownRef,,436,494,1826-05-09,1826-04-21,1826-06-10,,1826-05-25,1826.0,1826,93
fischer_lamberg: 2_III_H.22_3,faust://document/fischer_lamberg/2_III_H.22_3,fischer_lamberg: 2_III_H.22_3,UnknownRef,,437,493,1826-05-09,1826-04-21,1826-06-10,,1826-05-25,1826.0,1826,94
fischer_lamberg: 2_III_H.22_4,faust://document/fischer_lamberg/2_III_H.22_4,fischer_lamberg: 2_III_H.22_4,UnknownRef,,438,493,1826-05-09,1826-04-21,,,1826-05-09,1826.0,1826,95
wa: 2_III_H.IIIalpha,faust://document/wa/2_III_H.IIIalpha,wa: 2_III_H.IIIalpha,UnknownRef,,439,492,1826-05-09,,,,1826-05-09,1826.0,1826,113
2 III H.2a:2,faust://document/faustedition/2_III_H.2a_2,2 III H.2a:2,Witness,,440,497,1826-05-09,1826-04-21,1826-06-10,,1826-05-25,1826.0,1826,305
2 III H.2a:4,faust://document/faustedition/2_III_H.2a_4,2 III H.2a:4,Witness,,441,494,1826-05-09,1825-04-02,1826-05-19,,1826-05-14,1826.0,1826,307
fischer_lamberg: 2_III_H.7__2-3,faust://document/fischer_lamberg/2_III_H.7__2-3,fischer_lamberg: 2_III_H.7__2-3,UnknownRef,,442,495,1826-05-09,,1826-06-10,,1826-05-25,1826.0,1826,91
2 III H.2a:5,faust://document/faustedition/2_III_H.2a_5,2 III H.2a:5,Witness,,443,493,1826-05-09,1825-04-02,1826-05-19,,1826-05-14,1826.0,1826,308
2 III H.2a:1 ,faust://inscription/faustedition/2_III_H.2a_1/,2 III H.2a:1 ,Inscription,2 III H.2a:1,444,492,1826-05-09,,1826-05-19,,1826-05-14,1826.0,1826,21
2 III H.8b,faust://document/faustedition/2_III_H.8b,2 III H.8b,Witness,,445,493,1826-05-09,1825-04-02,1826-06-10,,1826-05-25,1826.0,1826,324
2 III H.22,faust://document/faustedition/2_III_H.22,2 III H.22,Witness,,446,497,1826-05-09,,1826-05-19,,1826-05-14,1826.0,1826,341
2 III H.7:2,faust://document/faustedition/2_III_H.7_2,2 III H.7:2,Witness,,447,498,1826-05-09,,1826-06-10,,1826-05-25,1826.0,1826,318
2 III H.7:3,faust://document/faustedition/2_III_H.7_3,2 III H.7:3,Witness,,448,501,1826-05-09,1826-05-09,1826-05-26,1826-05-26,1826-05-17,1826.0,1826,319
2 III H.7:5,faust://document/faustedition/2_III_H.7_5,2 III H.7:5,Witness,,449,499,1826-05-09,1826-03-24,1826-06-10,1826-06-25,1826-05-25,1826.0,1826,321
2 III H.23b,faust://document/faustedition/2_III_H.23b,2 III H.23b,Witness,,450,493,1826-05-09,,,,1826-05-09,1826.0,1826,344
2 III H.23c,faust://document/faustedition/2_III_H.23c,2 III H.23c,Witness,,451,494,1826-05-09,,,,1826-05-09,1826.0,1826,345
H P140,faust://document/faustedition/H_P140,H P140,Witness,,452,496,1826-05-09,1825-03-20,,,1826-05-09,1826.0,1826,607
2 III H.7:1,faust://document/faustedition/2_III_H.7_1,2 III H.7:1,Witness,,453,506,1826-05-17,1826-05-17,1826-05-19,1826-05-19,1826-05-18,1826.0,1826,317
2 III H.2a:3,faust://document/faustedition/2_III_H.2a_3,2 III H.2a:3,Witness,,454,511,1826-05-17,1826-04-21,1826-06-10,,1826-05-29,1826.0,1826,306
2 III H.3,faust://document/faustedition/2_III_H.3,2 III H.3,Witness,,455,510,1826-05-17,1825-12-25,1826-06-10,1826-06-25,1826-05-29,1826.0,1826,309
2 III H.3a:2,faust://document/faustedition/2_III_H.3a_2,2 III H.3a:2,Witness,,456,535,1826-05-17,1826-03-13,1826-06-10,1826-06-10,1826-05-29,1826.0,1826,311
2 III H.3a:1,faust://document/faustedition/2_III_H.3a_1,2 III H.3a:1,Witness,,457,537,1826-05-17,1826-03-13,1826-06-10,1826-06-10,1826-05-29,1826.0,1826,310
2 III H.62,faust://document/faustedition/2_III_H.62,2 III H.62,Witness,,458,518,1826-05-17,,1832-06-06,,1829-05-27,1829.0,1826 … 1832,411
fischer_lamberg: P170a i_uebrige,faust://inscription/fischer_lamberg/P170a/i_uebrige,fischer_lamberg: P170a i_uebrige,Inscription,fischer_lamberg: P170a,459,504,1826-05-17,,,,1826-05-17,1826.0,1826,687
H P123.1,faust://document/faustedition/H_P123.1,H P123.1,Witness,,460,510,1826-06-09,1826-06-09,1826-06-11,1826-06-11,1826-06-10,1826.0,1826,594
fischer_lamberg: P170a i_1_o,faust://inscription/fischer_lamberg/P170a/i_1_o,fischer_lamberg: P170a i_1_o,Inscription,fischer_lamberg: P170a,461,528,1826-06-12,1826-06-12,1826-06-14,1826-06-14,1826-06-13,1826.0,1826,686
H P78,faust://document/faustedition/H_P78,H P78,Witness,,462,535,1826-07-03,1826-07-03,1827-01-01,1827-01-01,1826-10-02,1826.0,1826,572
2 III H.3b,faust://document/faustedition/2_III_H.3b,2 III H.3b,Witness,,463,546,1826-10-26,1826-10-26,1827-04-26,1827-04-26,1827-01-25,1827.0,1826 … 1827,312
H P99.1,faust://document/faustedition/H_P99.1,H P99.1,Witness,,464,548,1826-11-08,1826-11-08,1826-11-10,1826-11-10,1826-11-09,1826.0,1826,582
H P99.2,faust://document/faustedition/H_P99.2,H P99.2,Witness,,465,552,1826-11-09,1826-11-09,1826-11-11,1826-11-11,1826-11-10,1826.0,1826,583
H P123.2,faust://document/faustedition/H_P123.2,H P123.2,Witness,,466,556,1826-12-14,1826-12-14,1826-12-16,1826-12-16,1826-12-15,1826.0,1826,595
H P123.5,faust://document/faustedition/H_P123.5,H P123.5,Witness,,467,558,1826-12-16,1826-12-16,1826-12-18,1826-12-18,1826-12-17,1826.0,1826,598
2 III H.73,faust://document/faustedition/2_III_H.73,2 III H.73,Witness,,468,566,1827-01-26,1827-01-26,1827-02-07,1827-02-07,1827-02-01,1827.0,1827,429
2 III H.74,faust://document/faustedition/2_III_H.74,2 III H.74,Witness,,469,574,1827-02-15,1827-02-15,1827-02-17,1827-02-17,1827-02-16,1827.0,1827,430
2 III H.75,faust://document/faustedition/2_III_H.75,2 III H.75,Witness,,470,574,1827-02-15,,1827-03-19,,1827-03-03,1827.0,1827,431
2 III H.75a,faust://document/faustedition/2_III_H.75a,2 III H.75a,Witness,,471,572,1827-02-15,1826-09-18,1827-03-19,1827-03-19,1827-03-03,1827.0,1827,432
2 III H.75b,faust://document/faustedition/2_III_H.75b,2 III H.75b,Witness,,472,575,1827-02-15,1826-09-28,1827-03-19,1827-03-19,1827-03-03,1827.0,1827,433
2 II H.4,faust://document/faustedition/2_II_H.4,2 II H.4,Witness,,473,577,1827-03-21,1827-03-21,1827-09-19,1827-09-19,1827-06-20,1827.0,1827,217
C.1 4,faust://document/faustedition/C.1_4,C.1 4,Witness,,474,580,1827-04-14,1827-04-14,1827-06-01,1827-06-01,1827-05-08,1827.0,1827,647
H P108b,faust://document/faustedition/H_P108b,H P108b,Witness,,475,587,1827-07-21,1827-07-21,1827-10-02,1827-10-02,1827-08-26,1827.0,1827,590
H P108c,faust://document/faustedition/H_P108c,H P108c,Witness,,476,587,1827-07-21,1827-07-21,1827-10-02,1827-10-02,1827-08-26,1827.0,1827,591
H P101,faust://document/faustedition/H_P101,H P101,Witness,,477,589,1827-07-31,1827-07-31,1827-08-05,1827-08-05,1827-08-02,1827.0,1827,584
H P101a,faust://document/faustedition/H_P101a,H P101a,Witness,,478,590,1827-07-31,1826-12-31,1829-01-01,1829-01-01,1828-04-16,1828.0,1827 … 1828,585
H P102,faust://document/faustedition/H_P102,H P102,Witness,,479,591,1827-08-10,1827-08-10,1827-10-02,1827-10-12,1827-09-05,1827.0,1827,586
2 I H.12:1,faust://document/faustedition/2_I_H.12_1,2 I H.12:1,Witness,,480,593,1827-08-10,1827-07-21,1827-10-02,1827-10-02,1827-09-05,1827.0,1827,150
2 I H.12:2,faust://document/faustedition/2_I_H.12_2,2 I H.12:2,Witness,,481,593,1827-08-10,1827-07-21,1827-10-02,1827-10-02,1827-09-05,1827.0,1827,151
2 I H.12a,faust://document/faustedition/2_I_H.12a,2 I H.12a,Witness,,482,593,1827-08-10,,,,1827-08-10,1827.0,1827,152
2 I H.11,faust://document/faustedition/2_I_H.11,2 I H.11,Witness,,483,592,1827-08-31,1827-08-31,1828-04-01,1828-04-01,1827-12-16,1827.0,1827 … 1828,149
2 I H.19 i_uebrige,faust://inscription/faustedition/2_I_H.19/i_uebrige,2 I H.19 i_uebrige,Inscription,2 I H.19,484,594,1827-09-11,1827-09-11,1828-01-01,1828-01-01,1827-11-06,1827.0,1827,69
2 I H.5,faust://document/faustedition/2_I_H.5,2 I H.5,Witness,,485,594,1827-09-11,1827-09-11,1827-11-18,1827-11-18,1827-10-15,1827.0,1827,127
2 I H.13,faust://document/faustedition/2_I_H.13,2 I H.13,Witness,,486,596,1827-09-11,1827-09-11,1827-09-13,1827-09-13,1827-09-12,1827.0,1827,153
2 I H.24,faust://document/faustedition/2_I_H.24,2 I H.24,Witness,,487,594,1827-09-11,1827-09-11,1827-11-18,1827-11-18,1827-10-15,1827.0,1827,167
2 II H.1,faust://document/faustedition/2_II_H.1,2 II H.1,Witness,,488,595,1827-09-11,1827-09-11,1828-03-11,1828-03-11,1827-12-11,1827.0,1827 … 1828,212
inscription: wa 2_I_H.10,faust://inscription/wa/2_I_H.10,inscription: wa 2_I_H.10,UnknownRef,,489,599,1827-09-23,1827-09-23,1827-09-30,1827-09-30,1827-09-26,1827.0,1827,105
2 I H.9k,faust://document/faustedition/2_I_H.9k,2 I H.9k,Witness,,490,599,1827-09-23,1827-09-23,1827-12-09,1827-12-09,1827-10-31,1827.0,1827,142
2 I H.9l*,faust://document/faustedition/2_I_H.9l_,2 I H.9l*,Witness,,491,600,1827-09-23,,,,1827-09-23,1827.0,1827,143
fischer-lamberg: 2_II_H.2d,faust://document/fischer-lamberg/2_II_H.2d,fischer-lamberg: 2_II_H.2d,UnknownRef,,492,601,1827-09-26,1827-09-26,1828-03-26,1828-03-26,1827-12-26,1827.0,1827 … 1828,90
2 I H.22,faust://document/faustedition/2_I_H.22,2 I H.22,Witness,,493,600,1827-09-26,1827-09-26,1827-10-08,1827-10-08,1827-10-02,1827.0,1827,165
2 II H.2:3,faust://document/faustedition/2_II_H.2_3,2 II H.2:3,Witness,,494,601,1827-09-26,1827-09-26,1828-03-26,1828-03-26,1827-12-26,1827.0,1827 … 1828,215
2 II H.2:1,faust://document/faustedition/2_II_H.2_1,2 II H.2:1,Witness,,495,603,1827-09-28,1827-09-28,1828-03-28,1828-03-28,1827-12-28,1827.0,1827 … 1828,213
2 I H.17,faust://document/faustedition/2_I_H.17,2 I H.17,Witness,,496,621,1827-10-01,1827-10-01,1828-03-31,1828-03-31,1827-12-31,1827.0,1827 … 1828,160
2 I H.8,faust://document/faustedition/2_I_H.8,2 I H.8,Witness,,497,615,1827-10-16,1827-10-16,1827-12-09,1828-04-15,1827-11-12,1827.0,1827,131
2 I H.15,faust://document/faustedition/2_I_H.15,2 I H.15,Witness,,498,616,1827-10-31,1827-10-31,1828-01-01,1828-01-01,1827-12-01,1827.0,1827,155
2 I H.15a,faust://document/faustedition/2_I_H.15a,2 I H.15a,Witness,,499,618,1827-10-31,,,,1827-10-31,1827.0,1827,156
2 I H.25,faust://document/faustedition/2_I_H.25,2 I H.25,Witness,,500,617,1827-11-04,1827-11-04,1827-11-16,1827-11-16,1827-11-10,1827.0,1827,171
2 I H.26,faust://document/faustedition/2_I_H.26,2 I H.26,Witness,,501,620,1827-11-04,1827-11-04,1827-11-16,1827-11-16,1827-11-10,1827.0,1827,172
2 I H.27,faust://document/faustedition/2_I_H.27,2 I H.27,Witness,,502,619,1827-11-04,,,,1827-11-04,1827.0,1827,173
2 I H.24b,faust://document/faustedition/2_I_H.24b,2 I H.24b,Witness,,503,619,1827-11-06,1827-11-06,1827-12-17,1828-01-01,1827-11-26,1827.0,1827,169
2 I H.24c,faust://document/faustedition/2_I_H.24c,2 I H.24c,Witness,,504,621,1827-11-06,,1832-06-06,,1830-02-20,1830.0,1827 … 1832,170
2 II H.3,faust://document/faustedition/2_II_H.3,2 II H.3,Witness,,505,619,1827-11-08,1827-11-08,1827-11-18,1827-11-18,1827-11-13,1827.0,1827,216
2 I H.3,faust://document/faustedition/2_I_H.3,2 I H.3,Witness,,506,627,1827-12-05,1827-12-05,1828-06-04,1828-06-04,1828-03-05,1828.0,1827 … 1828,125
2 I H.4,faust://document/faustedition/2_I_H.4,2 I H.4,Witness,,507,627,1827-12-05,1827-12-05,1828-01-01,1828-06-04,1827-12-18,1827.0,1827,126
2 I H.6,faust://document/faustedition/2_I_H.6,2 I H.6,Witness,,508,628,1827-12-07,1827-12-07,1828-01-01,1828-01-01,1827-12-19,1827.0,1827,128
2 I H.7,faust://document/faustedition/2_I_H.7,2 I H.7,Witness,,509,628,1827-12-07,1827-12-07,1828-06-06,1828-06-06,1828-03-07,1828.0,1827 … 1828,130
2 I H.9,faust://document/faustedition/2_I_H.9,2 I H.9,Witness,,510,631,1827-12-07,1827-12-07,1827-12-09,1827-12-09,1827-12-08,1827.0,1827,132
2 I H.9a,faust://document/faustedition/2_I_H.9a,2 I H.9a,Witness,,511,632,1827-12-07,1827-12-07,1827-12-09,1827-12-09,1827-12-08,1827.0,1827,133
2 I H.9b,faust://document/faustedition/2_I_H.9b,2 I H.9b,Witness,,512,632,1827-12-07,1827-06-10,1827-12-09,1827-12-09,1827-12-08,1827.0,1827,134
2 I H.34,faust://document/faustedition/2_I_H.34,2 I H.34,Witness,,513,628,1827-12-07,1827-12-07,1828-01-01,1828-06-06,1827-12-19,1827.0,1827,180
2 I H.30,faust://document/faustedition/2_I_H.30,2 I H.30,Witness,,514,629,1827-12-07,,1828-01-01,,1827-12-19,1827.0,1827,176
2 I H.38,faust://document/faustedition/2_I_H.38,2 I H.38,Witness,,515,628,1827-12-07,1827-12-07,1828-01-01,1828-01-01,1827-12-19,1827.0,1827,185
2 I H.39,faust://document/faustedition/2_I_H.39,2 I H.39,Witness,,516,628,1827-12-07,1827-12-07,1828-01-01,1828-01-01,1827-12-19,1827.0,1827,186
2 I H.40,faust://document/faustedition/2_I_H.40,2 I H.40,Witness,,517,628,1827-12-07,1827-12-07,1827-12-26,1828-01-01,1827-12-16,1827.0,1827,187
2 I H.36,faust://document/faustedition/2_I_H.36,2 I H.36,Witness,,518,630,1827-12-07,1827-12-07,1827-12-26,1828-01-01,1827-12-16,1827.0,1827,183
2 I H.41,faust://document/faustedition/2_I_H.41,2 I H.41,Witness,,519,628,1827-12-07,1827-12-07,1828-01-01,1828-01-01,1827-12-19,1827.0,1827,188
2 I H.43,faust://document/faustedition/2_I_H.43,2 I H.43,Witness,,520,629,1827-12-07,,1832-06-06,,1830-03-07,1830.0,1827 … 1832,191
2 I H.43a,faust://document/faustedition/2_I_H.43a,2 I H.43a,Witness,,521,631,1827-12-07,,1832-06-06,,1830-03-07,1830.0,1827 … 1832,192
2 I H.42,faust://document/faustedition/2_I_H.42,2 I H.42,Witness,,522,639,1827-12-12,1827-12-12,1827-12-26,1827-12-26,1827-12-19,1827.0,1827,190
wa: 2_I_H.alpha,faust://document/wa/2_I_H.alpha,wa: 2_I_H.alpha,UnknownRef,,523,641,1827-12-12,,1828-01-01,,1827-12-22,1827.0,1827,114
2 I H.29,faust://document/faustedition/2_I_H.29,2 I H.29,Witness,,524,637,1827-12-15,1827-12-15,1828-01-01,1828-01-23,1827-12-23,1827.0,1827,175
2 I H.28,faust://document/faustedition/2_I_H.28,2 I H.28,Witness,,525,638,1827-12-15,,1832-06-06,,1830-03-11,1830.0,1827 … 1832,174
2 I H.31,faust://document/faustedition/2_I_H.31,2 I H.31,Witness,,526,638,1827-12-15,,1828-01-01,,1827-12-23,1827.0,1827,177
2 I H.32 i_uebrige,faust://inscription/faustedition/2_I_H.32/i_uebrige,2 I H.32 i_uebrige,Inscription,2 I H.32,527,646,1827-12-15,1827-12-11,1828-01-01,1828-01-01,1827-12-23,1827.0,1827,68
2 I H.32,faust://document/faustedition/2_I_H.32,2 I H.32,Witness,,528,652,1827-12-15,,1828-01-01,,1827-12-23,1827.0,1827,178
2 I H.41a,faust://document/faustedition/2_I_H.41a,2 I H.41a,Witness,,529,650,1827-12-15,,1832-06-06,,1830-03-11,1830.0,1827 … 1832,189
H P106 i_v,faust://inscription/faustedition/H_P106/i_v,H P106 i_v,Inscription,H P106,530,637,1827-12-15,1827-12-15,1827-12-17,1827-12-17,1827-12-16,1827.0,1827,677
H P105,faust://document/faustedition/H_P105,H P105,Witness,,531,641,1827-12-15,1827-11-06,1827-12-17,1828-05-06,1827-12-16,1827.0,1827,587
H P106,faust://document/faustedition/H_P106,H P106,Witness,,532,642,1827-12-15,1827-12-15,1827-12-17,1827-12-17,1827-12-16,1827.0,1827,588
2 I H.19 i_4,faust://inscription/faustedition/2_I_H.19/i_4,2 I H.19 i_4,Inscription,2 I H.19,533,643,1827-12-19,1827-12-19,1828-01-01,1828-01-01,1827-12-25,1827.0,1827,41
2 I H.32 i_7_v,faust://inscription/faustedition/2_I_H.32/i_7_v,2 I H.32 i_7_v,Inscription,2 I H.32,534,644,1827-12-21,1827-12-21,1827-12-23,1827-12-23,1827-12-22,1827.0,1827,42
2 I H.43 i_uebrige,faust://inscription/faustedition/2_I_H.43/i_uebrige,2 I H.43 i_uebrige,Inscription,2 I H.43,535,644,1827-12-21,1827-12-21,1827-12-23,1827-12-23,1827-12-22,1827.0,1827,70
2 I H.34a,faust://document/faustedition/2_I_H.34a,2 I H.34a,Witness,,536,644,1827-12-21,1827-12-21,1828-06-20,1828-06-20,1828-03-21,1828.0,1827 … 1828,181
2 I H.37,faust://document/faustedition/2_I_H.37,2 I H.37,Witness,,537,661,1827-12-21,1827-12-21,1828-01-01,1828-01-01,1827-12-26,1827.0,1827,184
2 I H.35,faust://document/faustedition/2_I_H.35,2 I H.35,Witness,,538,663,1827-12-21,1827-12-21,1828-01-01,1828-01-01,1827-12-26,1827.0,1827,182
2 I H.45,faust://document/faustedition/2_I_H.45,2 I H.45,Witness,,539,644,1827-12-21,1827-12-21,1828-01-01,1828-01-01,1827-12-26,1827.0,1827,194
2 I H.44,faust://document/faustedition/2_I_H.44,2 I H.44,Witness,,540,645,1827-12-21,,1832-06-06,,1830-03-14,1830.0,1827 … 1832,193
2 I H.33,faust://document/faustedition/2_I_H.33,2 I H.33,Witness,,541,645,1827-12-22,1827-12-22,1828-01-01,1828-01-01,1827-12-27,1827.0,1827,179
2 I H.9c*,faust://document/faustedition/2_I_H.9c_,2 I H.9c*,Witness,,542,650,1827-12-24,1827-12-24,1827-12-26,1827-12-26,1827-12-25,1827.0,1827,135
2 I H.9m,faust://document/faustedition/2_I_H.9m,2 I H.9m,Witness,,543,649,1827-12-24,1827-12-24,1827-12-26,1827-12-26,1827-12-25,1827.0,1827,144
2 I H.9n*,faust://document/faustedition/2_I_H.9n_,2 I H.9n*,Witness,,544,651,1827-12-24,1827-12-24,1827-12-26,1827-12-26,1827-12-25,1827.0,1827,145
2 I H.9o*,faust://document/faustedition/2_I_H.9o_,2 I H.9o*,Witness,,545,649,1827-12-24,1827-12-24,1827-12-26,1827-12-26,1827-12-25,1827.0,1827,146
2 I H.9p*,faust://document/faustedition/2_I_H.9p_,2 I H.9p*,Witness,,546,652,1827-12-24,1827-12-24,1827-12-26,1827-12-26,1827-12-25,1827.0,1827,147
2 I H.9d,faust://document/faustedition/2_I_H.9d,2 I H.9d,Witness,,547,660,1827-12-27,1827-12-27,1827-12-29,1827-12-29,1827-12-28,1827.0,1827,136
H P107,faust://document/faustedition/H_P107,H P107,Witness,,548,684,1828-01-07,1828-01-07,1828-02-01,1828-02-01,1828-01-19,1828.0,1828,589
2 I H.46,faust://document/faustedition/2_I_H.46,2 I H.46,Witness,,549,687,1828-01-31,1828-01-31,1829-12-28,1829-12-28,1829-01-13,1829.0,1828 … 1829,195
C.1 12,faust://document/faustedition/C.1_12,C.1 12,Witness,,550,703,1828-03-31,1828-03-31,1828-06-01,1828-06-01,1828-05-01,1828.0,1828,646
C.3 4,faust://document/faustedition/C.3_4,C.3 4,Witness,,551,709,1828-03-31,1828-03-31,1828-06-01,1828-06-01,1828-05-01,1828.0,1828,650
H P179a,faust://document/faustedition/H_P179a,H P179a,Witness,,552,706,1828-04-17,1828-04-17,1828-10-16,1828-10-16,1828-07-17,1828.0,1828,626
H P180,faust://document/faustedition/H_P180,H P180,Witness,,553,707,1828-04-17,,1831-05-17,,1829-10-31,1829.0,1828 … 1831,627
wa: P179.1 i_1_r,faust://inscription/wa/P179.1/i_1_r,wa: P179.1 i_1_r,Inscription,wa: P179.1,554,707,1828-04-17,,,,1828-04-17,1828.0,1828,693
wa: P179.3 i_1_v,faust://inscription/wa/P179.3/i_1_v,wa: P179.3 i_1_v,Inscription,wa: P179.3,555,707,1828-04-17,,,,1828-04-17,1828.0,1828,694
C.2α 4,faust://document/faustedition/C.2alpha_4,C.2α 4,Witness,,556,709,1828-05-16,1828-05-16,1829-01-01,1829-01-01,1828-09-08,1828.0,1828,648
2 III H.69a,faust://document/faustedition/2_III_H.69a,2 III H.69a,Witness,,557,719,1828-07-01,1828-07-01,1828-07-03,1828-07-03,1828-07-02,1828.0,1828,425
2 II H.14,faust://document/faustedition/2_II_H.14,2 II H.14,Witness,,558,728,1829-01-20,1829-01-20,1829-07-21,1829-07-21,1829-04-21,1829.0,1829,234
2 II H.8:2,faust://document/faustedition/2_II_H.8_2,2 II H.8:2,Witness,,559,729,1829-01-20,,1830-01-18,,1829-07-20,1829.0,1829 … 1830,226
C.3 12,faust://document/faustedition/C.3_12,C.3 12,Witness,,560,735,1829-02-28,1829-02-28,1829-11-01,1829-11-01,1829-07-01,1829.0,1829,649
gsa_2: GSA_25_W_1806,faust://document/gsa_2/GSA_25_W_1806,gsa_2: GSA_25_W_1806,UnknownRef,,561,733,1829-03-01,1829-03-01,1829-08-30,1829-08-30,1829-05-31,1829.0,1829,664
2 I H.58,faust://document/faustedition/2_I_H.58,2 I H.58,Witness,,562,738,1829-08-19,1829-08-19,1829-09-01,1829-09-01,1829-08-25,1829.0,1829,209
2 I H.57,faust://document/faustedition/2_I_H.57,2 I H.57,Witness,,563,739,1829-08-27,1829-08-27,1830-01-18,1830-02-25,1829-11-07,1829.0,1829 … 1830,208
2 II H.4a*,faust://document/faustedition/2_II_H.4a_,2 II H.4a*,Witness,,564,746,1829-09-01,1829-09-01,1830-03-02,1830-03-02,1829-12-01,1829.0,1829 … 1830,218
2 I H.50a,faust://document/faustedition/2_I_H.50a,2 I H.50a,Witness,,565,747,1829-09-02,1829-09-02,1830-03-03,1830-03-03,1829-12-02,1829.0,1829 … 1830,200
2 I H.50b,faust://document/faustedition/2_I_H.50b,2 I H.50b,Witness,,566,747,1829-09-02,1829-09-02,1829-12-01,1829-12-01,1829-10-17,1829.0,1829,201
2 I H.50,faust://document/faustedition/2_I_H.50,2 I H.50,Witness,,567,750,1829-09-02,,,,1829-09-02,1829.0,1829,199
2 I H.48,faust://document/faustedition/2_I_H.48,2 I H.48,Witness,,568,751,1829-09-04,1829-09-04,1829-10-01,1829-10-01,1829-09-17,1829.0,1829,197
2 I H.47,faust://document/faustedition/2_I_H.47,2 I H.47,Witness,,569,755,1829-09-04,1829-09-02,1830-03-03,1830-03-03,1829-12-03,1829.0,1829 … 1830,196
2 I H.60,faust://document/faustedition/2_I_H.60,2 I H.60,Witness,,570,751,1829-09-04,1829-08-29,1830-01-18,1830-02-27,1829-11-11,1829.0,1829 … 1830,211
H P149,faust://document/faustedition/H_P149,H P149,Witness,,571,752,1829-10-16,1829-10-16,1829-10-18,1829-10-18,1829-10-17,1829.0,1829,609
2 II H.9,faust://document/faustedition/2_II_H.9,2 II H.9,Witness,,572,759,1829-11-27,1829-11-27,1829-12-02,1829-12-02,1829-11-29,1829.0,1829,227
2 II H.16a,faust://document/faustedition/2_II_H.16a,2 II H.16a,Witness,,573,758,1829-11-27,1829-11-27,1829-12-02,1829-12-02,1829-11-29,1829.0,1829,237
2 II H.6,faust://document/faustedition/2_II_H.6,2 II H.6,Witness,,574,758,1829-11-30,1829-11-30,1830-05-31,1830-05-31,1830-03-01,1830.0,1829 … 1830,221
2 II H.10,faust://document/faustedition/2_II_H.10,2 II H.10,Witness,,575,761,1829-11-30,1829-11-30,1830-01-18,1830-05-31,1829-12-24,1829.0,1829 … 1830,228
2 II H.11,faust://document/faustedition/2_II_H.11,2 II H.11,Witness,,576,765,1829-11-30,1829-11-30,1830-01-18,1830-05-31,1829-12-24,1829.0,1829 … 1830,229
2 I H.56,faust://document/faustedition/2_I_H.56,2 I H.56,Witness,,577,771,1829-11-30,1829-11-27,1830-01-18,1830-02-26,1829-12-24,1829.0,1829 … 1830,207
2 I H.59,faust://document/faustedition/2_I_H.59,2 I H.59,Witness,,578,769,1829-11-30,1829-08-28,1830-02-26,1830-02-26,1830-01-13,1830.0,1829 … 1830,210
2 II H.12,faust://document/faustedition/2_II_H.12,2 II H.12,Witness,,579,768,1829-11-30,,1830-01-18,,1829-12-24,1829.0,1829 … 1830,231
H P161,faust://document/faustedition/H_P161,H P161,Witness,,580,767,1829-11-30,,,,1829-11-30,1829.0,1829,614
2 II H.46,faust://document/faustedition/2_II_H.46,2 II H.46,Witness,,581,763,1829-12-02,1829-12-02,1830-06-02,1830-06-02,1830-03-03,1830.0,1829 … 1830,270
2 II H.15,faust://document/faustedition/2_II_H.15,2 II H.15,Witness,,582,765,1829-12-25,1829-12-25,1830-01-18,,1830-01-06,1830.0,1829 … 1830,235
2 II H.8:1,faust://document/faustedition/2_II_H.8_1,2 II H.8:1,Witness,,583,792,1829-12-25,1829-07-20,1830-01-18,1830-01-18,1830-01-06,1830.0,1829 … 1830,225
2 II H.13,faust://document/faustedition/2_II_H.13,2 II H.13,Witness,,584,779,1829-12-25,1829-07-20,1830-01-18,1830-01-18,1830-01-06,1830.0,1829 … 1830,232
2 II H.74 i_uebrige,faust://inscription/faustedition/2_II_H.74/i_uebrige,2 II H.74 i_uebrige,Inscription,2 II H.74,585,772,1829-12-26,1829-12-26,1830-06-26,1830-06-26,1830-03-27,1830.0,1829 … 1830,64
2 II H.74 i_2,faust://inscription/faustedition/2_II_H.74/i_2,2 II H.74 i_2,Inscription,2 II H.74,586,771,1829-12-26,,,,1829-12-26,1829.0,1829,37
2 II H.74 i_23_m,faust://inscription/faustedition/2_II_H.74/i_23_m,2 II H.74 i_23_m,Inscription,2 II H.74,587,771,1829-12-26,,,,1829-12-26,1829.0,1829,38
2 II H.63,faust://document/faustedition/2_II_H.63,2 II H.63,Witness,,588,768,1829-12-28,1829-12-28,1830-06-26,1830-06-28,1830-03-28,1830.0,1829 … 1830,288
gsa_2: GSA_25_W_1772,faust://document/gsa_2/GSA_25_W_1772,gsa_2: GSA_25_W_1772,UnknownRef,,589,768,1829-12-31,1829-12-31,1830-02-01,1830-02-01,1830-01-16,1830.0,1830,661
2 II H.38,faust://document/faustedition/2_II_H.38,2 II H.38,Witness,,590,771,1830-01-11,1830-01-11,1830-01-21,1830-07-12,1830-01-16,1830.0,1830,262
2 II H.18,faust://document/faustedition/2_II_H.18,2 II H.18,Witness,,591,776,1830-01-11,,1830-01-21,,1830-01-16,1830.0,1830,239
2 II H.20,faust://document/faustedition/2_II_H.20,2 II H.20,Witness,,592,781,1830-01-11,1829-08-01,1830-01-30,1830-01-30,1830-01-20,1830.0,1830,241
2 II H.27:1,faust://document/faustedition/2_II_H.27_1,2 II H.27:1,Witness,,593,784,1830-01-11,1829-08-02,1830-01-31,1830-01-31,1830-01-21,1830.0,1830,248
H P124,faust://document/faustedition/H_P124,H P124,Witness,,594,779,1830-01-11,1829-08-09,1830-02-07,1830-02-07,1830-01-24,1830.0,1830,603
2 II H.17,faust://document/faustedition/2_II_H.17,2 II H.17,Witness,,595,795,1830-01-16,1830-01-16,1830-01-21,1830-01-21,1830-01-18,1830.0,1830,238
2 II H.27:2,faust://document/faustedition/2_II_H.27_2,2 II H.27:2,Witness,,596,799,1830-01-24,1830-01-24,1830-01-30,1830-01-30,1830-01-27,1830.0,1830,249
2 II H.28 alpha,faust://inscription/faustedition/2_II_H.28/alpha,2 II H.28 alpha,Inscription,2 II H.28,597,795,1830-01-24,,,,1830-01-24,1830.0,1830,23
2 II H.28,faust://document/faustedition/2_II_H.28,2 II H.28,Witness,,598,801,1830-01-24,,1830-06-26,,1830-04-10,1830.0,1830,250
2 II H.45,faust://document/faustedition/2_II_H.45,2 II H.45,Witness,,599,792,1830-01-24,1830-01-24,1830-01-30,1830-01-30,1830-01-27,1830.0,1830,269
2 II H.22,faust://document/faustedition/2_II_H.22,2 II H.22,Witness,,600,796,1830-01-27,1830-01-27,1830-02-01,1830-02-01,1830-01-29,1830.0,1830,243
2 II H.25,faust://document/faustedition/2_II_H.25,2 II H.25,Witness,,601,803,1830-01-27,1830-01-16,1830-02-02,1830-07-17,1830-01-30,1830.0,1830,246
2 II H.54,faust://document/faustedition/2_II_H.54,2 II H.54,Witness,,602,797,1830-01-27,,1830-02-02,,1830-01-30,1830.0,1830,279
2 II H.24,faust://document/faustedition/2_II_H.24,2 II H.24,Witness,,603,799,1830-01-27,,1830-02-02,,1830-01-30,1830.0,1830,245
2 II H.41,faust://document/faustedition/2_II_H.41,2 II H.41,Witness,,604,799,1830-01-27,,1830-02-02,,1830-01-30,1830.0,1830,265
2 II H.23,faust://document/faustedition/2_II_H.23,2 II H.23,Witness,,605,807,1830-01-27,1830-01-23,1830-02-02,1830-02-02,1830-01-30,1830.0,1830,244
2 II H.42,faust://document/faustedition/2_II_H.42,2 II H.42,Witness,,606,799,1830-01-31,1830-01-31,1830-03-29,1830-03-29,1830-02-28,1830.0,1830,266
2 II H.39,faust://document/faustedition/2_II_H.39,2 II H.39,Witness,,607,803,1830-01-31,,1830-06-26,,1830-04-14,1830.0,1830,263
2 II H.49,faust://document/faustedition/2_II_H.49,2 II H.49,Witness,,608,801,1830-01-31,1830-01-31,1830-06-26,1830-06-26,1830-04-14,1830.0,1830,274
2 II H.51,faust://document/faustedition/2_II_H.51,2 II H.51,Witness,,609,804,1830-01-31,,1830-06-26,,1830-04-14,1830.0,1830,276
2 II H.53,faust://document/faustedition/2_II_H.53,2 II H.53,Witness,,610,801,1830-01-31,,1830-06-26,,1830-04-14,1830.0,1830,278
H P125,faust://document/faustedition/H_P125,H P125,Witness,,611,813,1830-02-05,1830-02-05,1830-02-07,1830-02-07,1830-02-06,1830.0,1830,604
2 V H.1a,faust://document/faustedition/2_V_H.1a,2 V H.1a,Witness,,612,816,1830-02-11,1830-02-11,1831-05-05,1831-05-18,1830-09-23,1830.0,1830 … 1831,485
2 V H.1,faust://document/faustedition/2_V_H.1,2 V H.1,Witness,,613,817,1830-02-11,,1832-06-06,,1831-04-10,1831.0,1830 … 1832,484
wa: 2_V_H.alpha,faust://document/wa/2_V_H.alpha,wa: 2_V_H.alpha,UnknownRef,,614,817,1830-02-11,,1832-06-06,,1831-04-10,1831.0,1830 … 1832,110
2 II H.19,faust://document/faustedition/2_II_H.19,2 II H.19,Witness,,615,816,1830-02-15,1830-02-15,1830-06-26,1830-08-16,1830-04-21,1830.0,1830,240
2 II H.56,faust://document/faustedition/2_II_H.56,2 II H.56,Witness,,616,819,1830-02-15,1830-02-15,1830-06-26,1830-08-16,1830-04-21,1830.0,1830,281
2 II H.58,faust://document/faustedition/2_II_H.58,2 II H.58,Witness,,617,819,1830-02-15,1830-02-15,1830-06-26,1830-08-16,1830-04-21,1830.0,1830,283
2 II H.60,faust://document/faustedition/2_II_H.60,2 II H.60,Witness,,618,821,1830-02-28,1830-02-28,1830-05-01,1830-05-01,1830-03-31,1830.0,1830,285
2 II H.33,faust://document/faustedition/2_II_H.33,2 II H.33,Witness,,619,828,1830-03-21,1830-03-21,1830-09-19,1830-09-19,1830-06-20,1830.0,1830,256
2 II H.52,faust://document/faustedition/2_II_H.52,2 II H.52,Witness,,620,829,1830-03-25,1830-03-25,1830-03-27,1830-03-27,1830-03-26,1830.0,1830,277
2 II H.47,faust://document/faustedition/2_II_H.47,2 II H.47,Witness,,621,838,1830-03-25,,1830-06-26,,1830-05-10,1830.0,1830,271
2 II H.55,faust://document/faustedition/2_II_H.55,2 II H.55,Witness,,622,831,1830-03-25,1830-03-25,1830-03-27,1830-03-27,1830-03-26,1830.0,1830,280
2 II H.57,faust://document/faustedition/2_II_H.57,2 II H.57,Witness,,623,844,1830-03-25,1830-02-15,1830-06-26,1830-08-16,1830-05-10,1830.0,1830,282
2 II H.61,faust://document/faustedition/2_II_H.61,2 II H.61,Witness,,624,831,1830-03-25,1830-03-25,1830-03-27,1830-03-27,1830-03-26,1830.0,1830,286
2 II H.62,faust://document/faustedition/2_II_H.62,2 II H.62,Witness,,625,834,1830-03-25,1830-03-25,1830-06-26,1830-09-23,1830-05-10,1830.0,1830,287
2 II H.31a,faust://document/faustedition/2_II_H.31a,2 II H.31a,Witness,,626,838,1830-04-18,1830-04-18,1830-04-20,1830-04-20,1830-04-19,1830.0,1830,254
2 II H.34,faust://document/faustedition/2_II_H.34,2 II H.34,Witness,,627,844,1830-04-22,1830-04-22,1830-10-21,1830-10-21,1830-07-22,1830.0,1830,257
2 II H.64,faust://document/faustedition/2_II_H.64,2 II H.64,Witness,,628,844,1830-05-28,1830-05-28,1830-06-26,1830-11-26,1830-06-11,1830.0,1830,289
2 II H.65,faust://document/faustedition/2_II_H.65,2 II H.65,Witness,,629,847,1830-05-28,1830-05-28,1830-06-26,1830-11-26,1830-06-11,1830.0,1830,290
2 II H.66,faust://document/faustedition/2_II_H.66,2 II H.66,Witness,,630,848,1830-05-28,1830-05-28,1830-06-26,1830-11-26,1830-06-11,1830.0,1830,291
H P159,faust://document/faustedition/H_P159,H P159,Witness,,631,851,1830-06-04,1830-06-04,1830-12-03,1830-12-03,1830-09-03,1830.0,1830,612
H P160,faust://document/faustedition/H_P160,H P160,Witness,,632,851,1830-06-04,1830-06-04,1830-12-03,1830-12-03,1830-09-03,1830.0,1830,613
H P126,faust://document/faustedition/H_P126,H P126,Witness,,633,852,1830-06-08,1830-06-08,1830-06-21,1830-06-21,1830-06-14,1830.0,1830,605
2 II H.67,faust://document/faustedition/2_II_H.67,2 II H.67,Witness,,634,858,1830-06-11,1830-06-11,1830-06-26,1830-12-10,1830-06-18,1830.0,1830,292
2 II H.71,faust://document/faustedition/2_II_H.71,2 II H.71,Witness,,635,856,1830-06-11,1830-06-11,1830-06-26,1830-12-10,1830-06-18,1830.0,1830,296
2 II H.69,faust://document/faustedition/2_II_H.69,2 II H.69,Witness,,636,859,1830-06-11,,1831-02-26,,1830-10-19,1830.0,1830 … 1831,294
2 II H.74,faust://document/faustedition/2_II_H.74,2 II H.74,Witness,,637,936,1830-06-11,1829-12-26,1830-06-26,1830-06-26,1830-06-18,1830.0,1830,299
2 II H.7,faust://document/faustedition/2_II_H.7,2 II H.7,Witness,,638,884,1830-06-11,,1832-06-06,,1831-06-09,1831.0,1830 … 1832,224
2 II H.35,faust://document/faustedition/2_II_H.35,2 II H.35,Witness,,639,881,1830-06-11,,1832-06-06,,1831-06-09,1831.0,1830 … 1832,258
2 II H.36,faust://document/faustedition/2_II_H.36,2 II H.36,Witness,,640,884,1830-06-11,,1832-06-06,,1831-06-09,1831.0,1830 … 1832,259
2 II H.36a,faust://document/faustedition/2_II_H.36a,2 II H.36a,Witness,,641,881,1830-06-11,,1832-06-06,,1831-06-09,1831.0,1830 … 1832,260
2 II H.47a,faust://document/faustedition/2_II_H.47a,2 II H.47a,Witness,,642,881,1830-06-11,,1832-06-06,,1831-06-09,1831.0,1830 … 1832,272
wa: 2_II_H.alpha,faust://document/wa/2_II_H.alpha,wa: 2_II_H.alpha,UnknownRef,,643,885,1830-06-11,,1832-06-06,,1831-06-09,1831.0,1830 … 1832,109
H P157,faust://document/faustedition/H_P157,H P157,Witness,,644,854,1830-06-17,1830-06-17,1830-06-19,1830-06-19,1830-06-18,1830.0,1830,611
2 V H.37a i_v,faust://inscription/faustedition/2_V_H.37a/i_v,2 V H.37a i_v,Inscription,2 V H.37a,645,856,1830-06-19,1830-06-19,1830-12-18,1830-12-18,1830-09-18,1830.0,1830,85
landeck: 2_V_H.h,faust://document/landeck/2_V_H.h,landeck: 2_V_H.h,UnknownRef,,646,856,1830-06-19,1830-06-19,1830-12-18,1830-12-18,1830-09-18,1830.0,1830,104
2 II H.70,faust://document/faustedition/2_II_H.70,2 II H.70,Witness,,647,901,1830-08-28,1830-08-28,1831-02-26,1831-02-26,1830-11-27,1830.0,1830 … 1831,295
2 II H.73,faust://document/faustedition/2_II_H.73,2 II H.73,Witness,,648,899,1830-08-28,,1832-06-06,,1831-07-18,1831.0,1830 … 1832,298
landeck: 2_V_H.1I,faust://document/landeck/2_V_H.1I,landeck: 2_V_H.1I,UnknownRef,,649,899,1830-11-04,1830-11-04,1831-05-05,1831-05-05,1831-02-03,1831.0,1830 … 1831,99
landeck: 2_V_H.1II,faust://document/landeck/2_V_H.1II,landeck: 2_V_H.1II,UnknownRef,,650,901,1830-11-04,1830-11-04,1831-05-05,1831-05-05,1831-02-03,1831.0,1830 … 1831,100
landeck: 2_V_H.1III,faust://document/landeck/2_V_H.1III,landeck: 2_V_H.1III,UnknownRef,,651,899,1830-11-04,1830-11-04,1831-05-05,1831-05-05,1831-02-03,1831.0,1830 … 1831,101
2 V H.34,faust://document/faustedition/2_V_H.34,2 V H.34,Witness,,652,901,1830-11-30,1830-11-30,1830-12-11,1830-12-11,1830-12-05,1830.0,1830,525
2 V H.35,faust://document/faustedition/2_V_H.35,2 V H.35,Witness,,653,901,1830-11-30,1830-11-30,1830-12-18,1830-12-18,1830-12-09,1830.0,1830,526
2 V H.33,faust://document/faustedition/2_V_H.33,2 V H.33,Witness,,654,909,1830-11-30,,1830-12-18,,1830-12-09,1830.0,1830,524
2 V H.37b,faust://document/faustedition/2_V_H.37b,2 V H.37b,Witness,,655,904,1830-11-30,1830-11-30,1830-12-18,1830-12-18,1830-12-09,1830.0,1830,531
2 V H.37a i_r,faust://inscription/faustedition/2_V_H.37a/i_r,2 V H.37a i_r,Inscription,2 V H.37a,656,904,1830-11-30,1830-06-19,1830-12-18,1830-12-18,1830-12-09,1830.0,1830,50
landeck: 2_V_H.33I,faust://document/landeck/2_V_H.33I,landeck: 2_V_H.33I,UnknownRef,,657,910,1830-11-30,,1830-12-18,,1830-12-09,1830.0,1830,102
2 V H.32a i_r,faust://inscription/faustedition/2_V_H.32a/i_r,2 V H.32a i_r,Inscription,2 V H.32a,658,914,1830-12-01,1830-12-01,1830-12-18,1830-12-18,1830-12-09,1830.0,1830,51
2 V H.32a i_v,faust://inscription/faustedition/2_V_H.32a/i_v,2 V H.32a i_v,Inscription,2 V H.32a,659,916,1830-12-01,1830-12-01,1830-12-18,1830-12-18,1830-12-09,1830.0,1830,84
2 V H.33 i_uebrige,faust://inscription/faustedition/2_V_H.33/i_uebrige,2 V H.33 i_uebrige,Inscription,2 V H.33,660,917,1830-12-01,1830-12-01,1830-12-18,1830-12-18,1830-12-09,1830.0,1830,67
2 V H.37c,faust://document/faustedition/2_V_H.37c,2 V H.37c,Witness,,661,920,1830-12-01,,1830-12-18,1830-12-18,1830-12-09,1830.0,1830,532
2 V H.37e,faust://document/faustedition/2_V_H.37e,2 V H.37e,Witness,,662,902,1830-12-01,1830-12-01,1830-12-18,1830-12-18,1830-12-09,1830.0,1830,534
2 V H.37f,faust://document/faustedition/2_V_H.37f,2 V H.37f,Witness,,663,906,1830-12-01,1830-12-01,1830-12-18,1830-12-18,1830-12-09,1830.0,1830,535
2 V H.37g,faust://document/faustedition/2_V_H.37g,2 V H.37g,Witness,,664,919,1830-12-01,,1832-06-06,,1831-09-03,1831.0,1830 … 1832,536
2 V H.38a,faust://document/faustedition/2_V_H.38a,2 V H.38a,Witness,,665,912,1830-12-01,1830-06-19,1830-12-18,1830-12-18,1830-12-09,1830.0,1830,538
H P196,faust://document/faustedition/H_P196,H P196,Witness,,666,902,1830-12-01,1830-12-01,1830-12-18,1830-12-18,1830-12-09,1830.0,1830,636
2 V H.37,faust://document/faustedition/2_V_H.37,2 V H.37,Witness,,667,930,1831-02-12,1831-02-12,1831-02-14,1831-02-14,1831-02-13,1831.0,1831,529
2 V H.33 i_3_r,faust://inscription/faustedition/2_V_H.33/i_3_r,2 V H.33 i_3_r,Inscription,2 V H.33,668,932,1831-02-12,1831-02-12,1831-08-13,1831-08-13,1831-05-14,1831.0,1831,39
2 V H.33 i_3_v,faust://inscription/faustedition/2_V_H.33/i_3_v,2 V H.33 i_3_v,Inscription,2 V H.33,669,932,1831-02-12,1831-02-12,1831-08-13,1831-08-13,1831-05-14,1831.0,1831,40
2 V H.0a,faust://document/faustedition/2_V_H.0a,2 V H.0a,Witness,,670,943,1831-04-05,1831-04-05,1831-05-01,1831-05-01,1831-04-18,1831.0,1831,478
landeck: 2_H,faust://document/landeck/2_H,landeck: 2_H,UnknownRef,,671,944,1831-04-05,,,,1831-04-05,1831.0,1831,103
2 V H.0f,faust://document/faustedition/2_V_H.0f,2 V H.0f,Witness,,672,943,1831-04-05,1831-04-05,1831-05-05,1831-05-05,1831-04-20,1831.0,1831,483
2 V H.0c,faust://document/faustedition/2_V_H.0c,2 V H.0c,Witness,,673,944,1831-04-24,1831-04-24,1831-09-22,1831-10-23,1831-07-08,1831.0,1831,480
2 V H.0b,faust://document/faustedition/2_V_H.0b,2 V H.0b,Witness,,674,948,1831-04-24,1831-03-24,1831-09-22,1831-09-22,1831-07-08,1831.0,1831,479
2 IV H.6:1,faust://document/faustedition/2_IV_H.6_1,2 IV H.6:1,Witness,,675,948,1831-04-29,1831-04-29,1831-10-28,1831-10-28,1831-07-29,1831.0,1831,448
2 IV H.6:2,faust://document/faustedition/2_IV_H.6_2,2 IV H.6:2,Witness,,676,948,1831-04-29,1831-04-29,1831-10-28,1831-10-28,1831-07-29,1831.0,1831,449
2 IV H.7a,faust://document/faustedition/2_IV_H.7a,2 IV H.7a,Witness,,677,947,1831-04-29,,1832-06-06,,1831-11-17,1831.0,1831 … 1832,451
2 V H.38,faust://document/faustedition/2_V_H.38,2 V H.38,Witness,,678,945,1831-04-29,1831-04-29,1831-05-18,1831-05-18,1831-05-08,1831.0,1831,537
H P197a,faust://document/faustedition/H_P197a,H P197a,Witness,,679,945,1831-04-29,1831-04-29,1831-05-18,1831-05-18,1831-05-08,1831.0,1831,637
H P188a,faust://document/faustedition/H_P188a,H P188a,Witness,,680,947,1831-04-30,1831-04-30,1831-07-23,1831-07-23,1831-06-11,1831.0,1831,630
H P190a,faust://document/faustedition/H_P190a,H P190a,Witness,,681,955,1831-05-14,1831-05-14,1831-11-12,1831-11-12,1831-08-13,1831.0,1831,632
2 IV H.22 i_1_r,faust://inscription/faustedition/2_IV_H.22/i_1_r,2 IV H.22 i_1_r,Inscription,2 IV H.22,682,959,1831-05-15,1831-05-15,1831-05-17,1831-05-17,1831-05-16,1831.0,1831,36
2 IV H.22 i_uebrige,faust://inscription/faustedition/2_IV_H.22/i_uebrige,2 IV H.22 i_uebrige,Inscription,2 IV H.22,683,956,1831-05-15,1831-05-15,1831-12-09,1831-12-09,1831-08-27,1831.0,1831,63
2 IV H.22b,faust://document/faustedition/2_IV_H.22b,2 IV H.22b,Witness,,684,963,1831-05-29,1831-05-29,1831-11-27,1831-11-27,1831-08-28,1831.0,1831,472
2 IV H.5,faust://document/faustedition/2_IV_H.5,2 IV H.5,Witness,,685,965,1831-06-17,1831-06-17,1831-12-16,1831-12-16,1831-09-16,1831.0,1831,447
2 IV H.2,faust://document/faustedition/2_IV_H.2,2 IV H.2,Witness,,686,969,1831-06-17,1831-06-17,1832-06-06,,1831-12-11,1831.0,1831 … 1832,444
2 IV H.3,faust://document/faustedition/2_IV_H.3,2 IV H.3,Witness,,687,969,1831-06-17,,1832-06-06,,1831-12-11,1831.0,1831 … 1832,445
2 IV H.7,faust://document/faustedition/2_IV_H.7,2 IV H.7,Witness,,688,971,1831-06-17,,1832-06-06,,1831-12-11,1831.0,1831 … 1832,450
H P188,faust://document/faustedition/H_P188,H P188,Witness,,689,967,1831-06-17,1824-12-31,,,1831-06-17,1831.0,1831,629
2 IV H.18,faust://document/faustedition/2_IV_H.18,2 IV H.18,Witness,,690,969,1831-06-25,1831-06-25,1831-07-01,1831-07-01,1831-06-28,1831.0,1831,465
2 IV H.21a,faust://document/faustedition/2_IV_H.21a,2 IV H.21a,Witness,,691,968,1831-06-25,1831-06-25,1831-07-23,1831-07-23,1831-07-09,1831.0,1831,469
2 IV H.22d,faust://document/faustedition/2_IV_H.22d,2 IV H.22d,Witness,,692,966,1831-06-25,1831-06-25,1831-07-23,1831-07-23,1831-07-09,1831.0,1831,474
2 IV H.20,faust://document/faustedition/2_IV_H.20,2 IV H.20,Witness,,693,972,1831-06-25,,1832-06-06,,1831-12-15,1831.0,1831 … 1832,467
2 IV H.13a,faust://document/faustedition/2_IV_H.13a,2 IV H.13a,Witness,,694,971,1831-06-25,,1832-06-06,,1831-12-15,1831.0,1831 … 1832,459
2 IV H.1,faust://document/faustedition/2_IV_H.1,2 IV H.1,Witness,,695,972,1831-06-25,,,,1831-06-25,1831.0,1831,443
2 IV H.22g,faust://document/faustedition/2_IV_H.22g,2 IV H.22g,Witness,,696,966,1831-06-25,1831-06-25,1831-07-23,1831-07-23,1831-07-09,1831.0,1831,477
2 IV H.22e,faust://document/faustedition/2_IV_H.22e,2 IV H.22e,Witness,,697,968,1831-06-25,1831-06-25,1831-07-23,1831-07-23,1831-07-09,1831.0,1831,475
2 IV H.22f,faust://document/faustedition/2_IV_H.22f,2 IV H.22f,Witness,,698,968,1831-06-25,1831-06-25,1831-07-23,1831-07-23,1831-07-09,1831.0,1831,476
H P181,faust://document/faustedition/H_P181,H P181,Witness,,699,966,1831-06-25,1831-06-25,1831-07-01,1831-07-01,1831-06-28,1831.0,1831,628
2 IV H.19 i_uebrige,faust://inscription/faustedition/2_IV_H.19/i_uebrige,2 IV H.19 i_uebrige,Inscription,2 IV H.19,700,971,1831-06-29,1831-06-29,1831-11-27,1831-12-28,1831-09-12,1831.0,1831,61
2 IV H.12 i_uebrige,faust://inscription/faustedition/2_IV_H.12/i_uebrige,2 IV H.12 i_uebrige,Inscription,2 IV H.12,701,972,1831-06-29,,1832-06-06,,1831-12-17,1831.0,1831 … 1832,62
2 IV H.8,faust://document/faustedition/2_IV_H.8,2 IV H.8,Witness,,702,985,1831-06-29,1831-05-29,1831-11-27,1831-11-27,1831-09-12,1831.0,1831,453
2 IV H.13,faust://document/faustedition/2_IV_H.13,2 IV H.13,Witness,,703,994,1831-06-29,,1832-06-06,,1831-12-17,1831.0,1831 … 1832,458
2 H,faust://document/faustedition/2_H,2 H,Witness,,704,1140,1831-06-29,1826-08-12,1832-06-06,,1831-12-17,1831.0,1831 … 1832,117
2 IV H.10,faust://document/faustedition/2_IV_H.10,2 IV H.10,Witness,,705,983,1831-06-29,,,,1831-06-29,1831.0,1831,455
2 IV H.21,faust://document/faustedition/2_IV_H.21,2 IV H.21,Witness,,706,986,1831-06-29,,,,1831-06-29,1831.0,1831,468
wa: C.1_4,faust://document/wa/C.1_4,wa: C.1_4,UnknownRef,,707,1031,1831-06-29,,1836-06-12,,1833-12-20,1833.0,1831 … 1836,643
wa: C_12,faust://document/wa/C_12,wa: C_12,UnknownRef,,708,1035,1831-06-29,,,,1831-06-29,1831.0,1831,645
wa: C_4,faust://document/wa/C_4,wa: C_4,UnknownRef,,709,1031,1831-06-29,,1836-06-12,,1833-12-20,1833.0,1831 … 1836,644
wa: P191Var i_v_u,faust://inscription/wa/P191Var/i_v_u,wa: P191Var i_v_u,Inscription,wa: P191Var,710,970,1831-06-29,,,,1831-06-29,1831.0,1831,696
2 IV H.16,faust://document/faustedition/2_IV_H.16,2 IV H.16,Witness,,711,1049,1831-12-07,1831-12-07,1832-06-06,1832-06-06,1832-03-07,1832.0,1831 … 1832,463
H P129 Var*,faust://document/faustedition/H_P129_Var_,H P129 Var*,Witness,,712,1007,1832-03-21,1832-03-21,1832-09-19,1832-09-19,1832-06-20,1832.0,1832,606
C.1 41,faust://bibliography/C.1_41,C.1 41,UnknownRef,,713,1061,1833-02-28,1833-02-28,1833-04-01,1833-04-01,1833-03-16,1833.0,1833,651
wa: C_41,faust://document/wa/C_41,wa: C_41,UnknownRef,,714,1078,1833-02-28,,1836-06-12,,1834-10-21,1834.0,1833 … 1836,642
C.3 41,faust://bibliography/C.3_41,C.3 41,UnknownRef,,715,1059,1833-03-31,1833-03-31,1833-05-01,1833-05-01,1833-04-15,1833.0,1833,652
Q,faust://bibliography/Q,Q,UnknownRef,,716,1069,1836-03-15,1836-03-15,1836-06-12,1836-06-12,1836-04-28,1836.0,1836,697
